Traceback (most recent call last):
  File "/home/tzahi/repo/trade/src/main.py", line 11, in <module>
    from data.fx_fetcher import FXFetcher
  File "/home/tzahi/repo/trade/src/data/__init__.py", line 3, in <module>
    from .fx_fetcher import FXFetcher
  File "/home/tzahi/repo/trade/src/data/fx_fetcher.py", line 3, in <module>
    from ..config.settings import Settings
ImportError: attempted relative import beyond top-level package
Traceback (most recent call last):
  File "/home/tzahi/repo/trade/src/main.py", line 11, in <module>
    from data.fx_fetcher import FXFetcher
  File "/home/tzahi/repo/trade/src/data/__init__.py", line 3, in <module>
    from .fx_fetcher import FXFetcher
  File "/home/tzahi/repo/trade/src/data/fx_fetcher.py", line 3, in <module>
    from ..config.settings import Settings
ImportError: attempted relative import beyond top-level package
Traceback (most recent call last):
  File "/home/tzahi/repo/trade/src/main.py", line 11, in <module>
    from data.fx_fetcher import FXFetcher
  File "/home/tzahi/repo/trade/src/data/__init__.py", line 3, in <module>
    from .fx_fetcher import FXFetcher
  File "/home/tzahi/repo/trade/src/data/fx_fetcher.py", line 3, in <module>
    from ..config.settings import Settings
ImportError: attempted relative import beyond top-level package
Traceback (most recent call last):
  File "/home/tzahi/repo/trade/src/main.py", line 11, in <module>
    from data.fx_fetcher import FXFetcher
  File "/home/tzahi/repo/trade/src/data/__init__.py", line 3, in <module>
    from .fx_fetcher import FXFetcher
  File "/home/tzahi/repo/trade/src/data/fx_fetcher.py", line 3, in <module>
    from ..config.settings import Settings
ImportError: attempted relative import beyond top-level package
Traceback (most recent call last):
  File "/home/tzahi/repo/trade/src/main.py", line 11, in <module>
    from data.fx_fetcher import FXFetcher
  File "/home/tzahi/repo/trade/src/data/__init__.py", line 3, in <module>
    from .fx_fetcher import FXFetcher
  File "/home/tzahi/repo/trade/src/data/fx_fetcher.py", line 3, in <module>
    from ..config.settings import Settings
ImportError: attempted relative import beyond top-level package
Traceback (most recent call last):
  File "/home/tzahi/repo/trade/src/main.py", line 11, in <module>
    from data.fx_fetcher import FXFetcher
  File "/home/tzahi/repo/trade/src/data/__init__.py", line 3, in <module>
    from .fx_fetcher import FXFetcher
  File "/home/tzahi/repo/trade/src/data/fx_fetcher.py", line 3, in <module>
    from ..config.settings import Settings
ImportError: attempted relative import beyond top-level package
Traceback (most recent call last):
  File "/home/tzahi/repo/trade/src/main.py", line 11, in <module>
    from data.fx_fetcher import FXFetcher
  File "/home/tzahi/repo/trade/src/data/__init__.py", line 3, in <module>
    from .fx_fetcher import FXFetcher
  File "/home/tzahi/repo/trade/src/data/fx_fetcher.py", line 3, in <module>
    from ..config.settings import Settings
ImportError: attempted relative import beyond top-level package
Traceback (most recent call last):
  File "<frozen runpy>", line 198, in _run_module_as_main
  File "<frozen runpy>", line 88, in _run_code
  File "/home/tzahi/repo/trade/src/main.py", line 11, in <module>
    from data.fx_fetcher import FXFetcher
  File "/home/tzahi/repo/trade/src/data/__init__.py", line 3, in <module>
    from .fx_fetcher import FXFetcher
  File "/home/tzahi/repo/trade/src/data/fx_fetcher.py", line 3, in <module>
    from ..config.settings import Settings
ImportError: attempted relative import beyond top-level package
Traceback (most recent call last):
  File "<frozen runpy>", line 198, in _run_module_as_main
  File "<frozen runpy>", line 88, in _run_code
  File "/home/tzahi/repo/trade/src/main.py", line 11, in <module>
    from data.fx_fetcher import FXFetcher
  File "/home/tzahi/repo/trade/src/data/__init__.py", line 3, in <module>
    from .fx_fetcher import FXFetcher
  File "/home/tzahi/repo/trade/src/data/fx_fetcher.py", line 3, in <module>
    from ..config.settings import Settings
ImportError: attempted relative import beyond top-level package
Traceback (most recent call last):
  File "<frozen runpy>", line 198, in _run_module_as_main
  File "<frozen runpy>", line 88, in _run_code
  File "/home/tzahi/repo/trade/src/main.py", line 11, in <module>
    from data.fx_fetcher import FXFetcher
  File "/home/tzahi/repo/trade/src/data/__init__.py", line 3, in <module>
    from .fx_fetcher import FXFetcher
  File "/home/tzahi/repo/trade/src/data/fx_fetcher.py", line 3, in <module>
    from ..config.settings import Settings
ImportError: attempted relative import beyond top-level package
Traceback (most recent call last):
  File "<frozen runpy>", line 198, in _run_module_as_main
  File "<frozen runpy>", line 88, in _run_code
  File "/home/tzahi/repo/trade/src/main.py", line 11, in <module>
    from data.fx_fetcher import FXFetcher
  File "/home/tzahi/repo/trade/src/data/__init__.py", line 3, in <module>
    from .fx_fetcher import FXFetcher
  File "/home/tzahi/repo/trade/src/data/fx_fetcher.py", line 3, in <module>
    from ..config.settings import Settings
ImportError: attempted relative import beyond top-level package
Traceback (most recent call last):
  File "<frozen runpy>", line 198, in _run_module_as_main
  File "<frozen runpy>", line 88, in _run_code
  File "/home/tzahi/repo/trade/src/main.py", line 243, in <module>
    main()
    ~~~~^^
  File "/home/tzahi/repo/trade/src/main.py", line 204, in main
    fetcher = FXFetcher(settings)
  File "/home/tzahi/repo/trade/src/data/fx_fetcher.py", line 9, in __init__
    self._provider = self._build_provider()
                     ~~~~~~~~~~~~~~~~~~~~^^
  File "/home/tzahi/repo/trade/src/data/fx_fetcher.py", line 13, in _build_provider
    return TwelveDataFetcher(self.settings)
  File "/home/tzahi/repo/trade/src/data/twelve_data_fetcher.py", line 32, in __init__
    raise ValueError("Twelve Data API key must be provided in settings.provider_api_key")
ValueError: Twelve Data API key must be provided in settings.provider_api_key
Traceback (most recent call last):
  File "<frozen runpy>", line 198, in _run_module_as_main
  File "<frozen runpy>", line 88, in _run_code
  File "/home/tzahi/repo/trade/src/main.py", line 243, in <module>
    main()
    ~~~~^^
  File "/home/tzahi/repo/trade/src/main.py", line 204, in main
    fetcher = FXFetcher(settings)
  File "/home/tzahi/repo/trade/src/data/fx_fetcher.py", line 9, in __init__
    self._provider = self._build_provider()
                     ~~~~~~~~~~~~~~~~~~~~^^
  File "/home/tzahi/repo/trade/src/data/fx_fetcher.py", line 13, in _build_provider
    return TwelveDataFetcher(self.settings)
  File "/home/tzahi/repo/trade/src/data/twelve_data_fetcher.py", line 32, in __init__
    raise ValueError("Twelve Data API key must be provided in settings.provider_api_key")
ValueError: Twelve Data API key must be provided in settings.provider_api_key
Traceback (most recent call last):
  File "/home/tzahi/repo/trade/src/main.py", line 243, in <module>
    main()
    ~~~~^^
  File "/home/tzahi/repo/trade/src/main.py", line 204, in main
    fetcher = FXFetcher(settings)
  File "/home/tzahi/repo/trade/src/data/fx_fetcher.py", line 9, in __init__
    self._provider = self._build_provider()
                     ~~~~~~~~~~~~~~~~~~~~^^
  File "/home/tzahi/repo/trade/src/data/fx_fetcher.py", line 13, in _build_provider
    return TwelveDataFetcher(self.settings)
  File "/home/tzahi/repo/trade/src/data/twelve_data_fetcher.py", line 32, in __init__
    raise ValueError("Twelve Data API key must be provided in settings.provider_api_key")
ValueError: Twelve Data API key must be provided in settings.provider_api_key
Traceback (most recent call last):
  File "/home/tzahi/repo/trade/src/main.py", line 243, in <module>
    main()
    ~~~~^^
  File "/home/tzahi/repo/trade/src/main.py", line 204, in main
    fetcher = FXFetcher(settings)
  File "/home/tzahi/repo/trade/src/data/fx_fetcher.py", line 9, in __init__
    self._provider = self._build_provider()
                     ~~~~~~~~~~~~~~~~~~~~^^
  File "/home/tzahi/repo/trade/src/data/fx_fetcher.py", line 13, in _build_provider
    return TwelveDataFetcher(self.settings)
  File "/home/tzahi/repo/trade/src/data/twelve_data_fetcher.py", line 32, in __init__
    raise ValueError("Twelve Data API key must be provided in settings.provider_api_key")
ValueError: Twelve Data API key must be provided in settings.provider_api_key
Traceback (most recent call last):
  File "/home/tzahi/repo/trade/src/main.py", line 243, in <module>
    main()
    ~~~~^^
  File "/home/tzahi/repo/trade/src/main.py", line 204, in main
    fetcher = FXFetcher(settings)
  File "/home/tzahi/repo/trade/src/data/fx_fetcher.py", line 9, in __init__
    self._provider = self._build_provider()
                     ~~~~~~~~~~~~~~~~~~~~^^
  File "/home/tzahi/repo/trade/src/data/fx_fetcher.py", line 13, in _build_provider
    return TwelveDataFetcher(self.settings)
  File "/home/tzahi/repo/trade/src/data/twelve_data_fetcher.py", line 32, in __init__
    raise ValueError("Twelve Data API key must be provided in settings.provider_api_key")
ValueError: Twelve Data API key must be provided in settings.provider_api_key
Traceback (most recent call last):
  File "/home/tzahi/repo/trade/src/main.py", line 243, in <module>
    main()
    ~~~~^^
  File "/home/tzahi/repo/trade/src/main.py", line 204, in main
    fetcher = FXFetcher(settings)
  File "/home/tzahi/repo/trade/src/data/fx_fetcher.py", line 9, in __init__
    self._provider = self._build_provider()
                     ~~~~~~~~~~~~~~~~~~~~^^
  File "/home/tzahi/repo/trade/src/data/fx_fetcher.py", line 13, in _build_provider
    return TwelveDataFetcher(self.settings)
  File "/home/tzahi/repo/trade/src/data/twelve_data_fetcher.py", line 32, in __init__
    raise ValueError("Twelve Data API key must be provided in settings.provider_api_key")
ValueError: Twelve Data API key must be provided in settings.provider_api_key
Traceback (most recent call last):
  File "/home/tzahi/repo/trade/src/main.py", line 243, in <module>
    main()
    ~~~~^^
  File "/home/tzahi/repo/trade/src/main.py", line 204, in main
    fetcher = FXFetcher(settings)
  File "/home/tzahi/repo/trade/src/data/fx_fetcher.py", line 9, in __init__
    self._provider = self._build_provider()
                     ~~~~~~~~~~~~~~~~~~~~^^
  File "/home/tzahi/repo/trade/src/data/fx_fetcher.py", line 13, in _build_provider
    return TwelveDataFetcher(self.settings)
  File "/home/tzahi/repo/trade/src/data/twelve_data_fetcher.py", line 32, in __init__
    raise ValueError("Twelve Data API key must be provided in settings.provider_api_key")
ValueError: Twelve Data API key must be provided in settings.provider_api_key
Traceback (most recent call last):
  File "/home/tzahi/repo/trade/src/main.py", line 243, in <module>
    main()
    ~~~~^^
  File "/home/tzahi/repo/trade/src/main.py", line 204, in main
    fetcher = FXFetcher(settings)
  File "/home/tzahi/repo/trade/src/data/fx_fetcher.py", line 9, in __init__
    self._provider = self._build_provider()
                     ~~~~~~~~~~~~~~~~~~~~^^
  File "/home/tzahi/repo/trade/src/data/fx_fetcher.py", line 13, in _build_provider
    return TwelveDataFetcher(self.settings)
  File "/home/tzahi/repo/trade/src/data/twelve_data_fetcher.py", line 32, in __init__
    raise ValueError("Twelve Data API key must be provided in settings.provider_api_key")
ValueError: Twelve Data API key must be provided in settings.provider_api_key
Traceback (most recent call last):
  File "/home/tzahi/repo/trade/src/main.py", line 243, in <module>
    main()
    ~~~~^^
  File "/home/tzahi/repo/trade/src/main.py", line 204, in main
    fetcher = FXFetcher(settings)
  File "/home/tzahi/repo/trade/src/data/fx_fetcher.py", line 9, in __init__
    self._provider = self._build_provider()
                     ~~~~~~~~~~~~~~~~~~~~^^
  File "/home/tzahi/repo/trade/src/data/fx_fetcher.py", line 13, in _build_provider
    return TwelveDataFetcher(self.settings)
  File "/home/tzahi/repo/trade/src/data/twelve_data_fetcher.py", line 32, in __init__
    raise ValueError("Twelve Data API key must be provided in settings.provider_api_key")
ValueError: Twelve Data API key must be provided in settings.provider_api_key
Traceback (most recent call last):
  File "/home/tzahi/repo/trade/src/main.py", line 243, in <module>
    main()
    ~~~~^^
  File "/home/tzahi/repo/trade/src/main.py", line 204, in main
    fetcher = FXFetcher(settings)
  File "/home/tzahi/repo/trade/src/data/fx_fetcher.py", line 9, in __init__
    self._provider = self._build_provider()
                     ~~~~~~~~~~~~~~~~~~~~^^
  File "/home/tzahi/repo/trade/src/data/fx_fetcher.py", line 13, in _build_provider
    return TwelveDataFetcher(self.settings)
  File "/home/tzahi/repo/trade/src/data/twelve_data_fetcher.py", line 32, in __init__
    raise ValueError("Twelve Data API key must be provided in settings.provider_api_key")
ValueError: Twelve Data API key must be provided in settings.provider_api_key
Traceback (most recent call last):
  File "/home/tzahi/repo/trade/src/main.py", line 243, in <module>
    main()
    ~~~~^^
  File "/home/tzahi/repo/trade/src/main.py", line 204, in main
    fetcher = FXFetcher(settings)
  File "/home/tzahi/repo/trade/src/data/fx_fetcher.py", line 9, in __init__
    self._provider = self._build_provider()
                     ~~~~~~~~~~~~~~~~~~~~^^
  File "/home/tzahi/repo/trade/src/data/fx_fetcher.py", line 13, in _build_provider
    return TwelveDataFetcher(self.settings)
  File "/home/tzahi/repo/trade/src/data/twelve_data_fetcher.py", line 32, in __init__
    raise ValueError("Twelve Data API key must be provided in settings.provider_api_key")
ValueError: Twelve Data API key must be provided in settings.provider_api_key
Traceback (most recent call last):
  File "/home/tzahi/repo/trade/src/main.py", line 243, in <module>
    main()
    ~~~~^^
  File "/home/tzahi/repo/trade/src/main.py", line 204, in main
    fetcher = FXFetcher(settings)
  File "/home/tzahi/repo/trade/src/data/fx_fetcher.py", line 9, in __init__
    self._provider = self._build_provider()
                     ~~~~~~~~~~~~~~~~~~~~^^
  File "/home/tzahi/repo/trade/src/data/fx_fetcher.py", line 13, in _build_provider
    return TwelveDataFetcher(self.settings)
  File "/home/tzahi/repo/trade/src/data/twelve_data_fetcher.py", line 32, in __init__
    raise ValueError("Twelve Data API key must be provided in settings.provider_api_key")
ValueError: Twelve Data API key must be provided in settings.provider_api_key
Traceback (most recent call last):
  File "/home/tzahi/repo/trade/src/main.py", line 243, in <module>
    main()
    ~~~~^^
  File "/home/tzahi/repo/trade/src/main.py", line 204, in main
    fetcher = FXFetcher(settings)
  File "/home/tzahi/repo/trade/src/data/fx_fetcher.py", line 9, in __init__
    self._provider = self._build_provider()
                     ~~~~~~~~~~~~~~~~~~~~^^
  File "/home/tzahi/repo/trade/src/data/fx_fetcher.py", line 13, in _build_provider
    return TwelveDataFetcher(self.settings)
  File "/home/tzahi/repo/trade/src/data/twelve_data_fetcher.py", line 32, in __init__
    raise ValueError("Twelve Data API key must be provided in settings.provider_api_key")
ValueError: Twelve Data API key must be provided in settings.provider_api_key
Traceback (most recent call last):
  File "/home/tzahi/repo/trade/src/main.py", line 243, in <module>
    main()
    ~~~~^^
  File "/home/tzahi/repo/trade/src/main.py", line 204, in main
    fetcher = FXFetcher(settings)
  File "/home/tzahi/repo/trade/src/data/fx_fetcher.py", line 9, in __init__
    self._provider = self._build_provider()
                     ~~~~~~~~~~~~~~~~~~~~^^
  File "/home/tzahi/repo/trade/src/data/fx_fetcher.py", line 13, in _build_provider
    return TwelveDataFetcher(self.settings)
  File "/home/tzahi/repo/trade/src/data/twelve_data_fetcher.py", line 32, in __init__
    raise ValueError("Twelve Data API key must be provided in settings.provider_api_key")
ValueError: Twelve Data API key must be provided in settings.provider_api_key
Traceback (most recent call last):
  File "/home/tzahi/repo/trade/src/main.py", line 243, in <module>
    main()
    ~~~~^^
  File "/home/tzahi/repo/trade/src/main.py", line 204, in main
    fetcher = FXFetcher(settings)
  File "/home/tzahi/repo/trade/src/data/fx_fetcher.py", line 9, in __init__
    self._provider = self._build_provider()
                     ~~~~~~~~~~~~~~~~~~~~^^
  File "/home/tzahi/repo/trade/src/data/fx_fetcher.py", line 13, in _build_provider
    return TwelveDataFetcher(self.settings)
  File "/home/tzahi/repo/trade/src/data/twelve_data_fetcher.py", line 32, in __init__
    raise ValueError("Twelve Data API key must be provided in settings.provider_api_key")
ValueError: Twelve Data API key must be provided in settings.provider_api_key
Traceback (most recent call last):
  File "/home/tzahi/repo/trade/src/main.py", line 243, in <module>
    main()
    ~~~~^^
  File "/home/tzahi/repo/trade/src/main.py", line 204, in main
    fetcher = FXFetcher(settings)
  File "/home/tzahi/repo/trade/src/data/fx_fetcher.py", line 9, in __init__
    self._provider = self._build_provider()
                     ~~~~~~~~~~~~~~~~~~~~^^
  File "/home/tzahi/repo/trade/src/data/fx_fetcher.py", line 13, in _build_provider
    return TwelveDataFetcher(self.settings)
  File "/home/tzahi/repo/trade/src/data/twelve_data_fetcher.py", line 32, in __init__
    raise ValueError("Twelve Data API key must be provided in settings.provider_api_key")
ValueError: Twelve Data API key must be provided in settings.provider_api_key
Traceback (most recent call last):
  File "/home/tzahi/repo/trade/src/main.py", line 243, in <module>
    main()
    ~~~~^^
  File "/home/tzahi/repo/trade/src/main.py", line 204, in main
    fetcher = FXFetcher(settings)
  File "/home/tzahi/repo/trade/src/data/fx_fetcher.py", line 9, in __init__
    self._provider = self._build_provider()
                     ~~~~~~~~~~~~~~~~~~~~^^
  File "/home/tzahi/repo/trade/src/data/fx_fetcher.py", line 13, in _build_provider
    return TwelveDataFetcher(self.settings)
  File "/home/tzahi/repo/trade/src/data/twelve_data_fetcher.py", line 32, in __init__
    raise ValueError("Twelve Data API key must be provided in settings.provider_api_key")
ValueError: Twelve Data API key must be provided in settings.provider_api_key
Traceback (most recent call last):
  File "/home/tzahi/repo/trade/src/main.py", line 243, in <module>
    main()
    ~~~~^^
  File "/home/tzahi/repo/trade/src/main.py", line 204, in main
    fetcher = FXFetcher(settings)
  File "/home/tzahi/repo/trade/src/data/fx_fetcher.py", line 9, in __init__
    self._provider = self._build_provider()
                     ~~~~~~~~~~~~~~~~~~~~^^
  File "/home/tzahi/repo/trade/src/data/fx_fetcher.py", line 13, in _build_provider
    return TwelveDataFetcher(self.settings)
  File "/home/tzahi/repo/trade/src/data/twelve_data_fetcher.py", line 32, in __init__
    raise ValueError("Twelve Data API key must be provided in settings.provider_api_key")
ValueError: Twelve Data API key must be provided in settings.provider_api_key
Traceback (most recent call last):
  File "/home/tzahi/repo/trade/src/main.py", line 243, in <module>
    main()
    ~~~~^^
  File "/home/tzahi/repo/trade/src/main.py", line 204, in main
    fetcher = FXFetcher(settings)
  File "/home/tzahi/repo/trade/src/data/fx_fetcher.py", line 9, in __init__
    self._provider = self._build_provider()
                     ~~~~~~~~~~~~~~~~~~~~^^
  File "/home/tzahi/repo/trade/src/data/fx_fetcher.py", line 13, in _build_provider
    return TwelveDataFetcher(self.settings)
  File "/home/tzahi/repo/trade/src/data/twelve_data_fetcher.py", line 32, in __init__
    raise ValueError("Twelve Data API key must be provided in settings.provider_api_key")
ValueError: Twelve Data API key must be provided in settings.provider_api_key
Traceback (most recent call last):
  File "/home/tzahi/repo/trade/src/main.py", line 243, in <module>
    main()
    ~~~~^^
  File "/home/tzahi/repo/trade/src/main.py", line 204, in main
    fetcher = FXFetcher(settings)
  File "/home/tzahi/repo/trade/src/data/fx_fetcher.py", line 9, in __init__
    self._provider = self._build_provider()
                     ~~~~~~~~~~~~~~~~~~~~^^
  File "/home/tzahi/repo/trade/src/data/fx_fetcher.py", line 13, in _build_provider
    return TwelveDataFetcher(self.settings)
  File "/home/tzahi/repo/trade/src/data/twelve_data_fetcher.py", line 32, in __init__
    raise ValueError("Twelve Data API key must be provided in settings.provider_api_key")
ValueError: Twelve Data API key must be provided in settings.provider_api_key
Traceback (most recent call last):
  File "/home/tzahi/repo/trade/src/main.py", line 243, in <module>
    main()
    ~~~~^^
  File "/home/tzahi/repo/trade/src/main.py", line 204, in main
    fetcher = FXFetcher(settings)
  File "/home/tzahi/repo/trade/src/data/fx_fetcher.py", line 9, in __init__
    self._provider = self._build_provider()
                     ~~~~~~~~~~~~~~~~~~~~^^
  File "/home/tzahi/repo/trade/src/data/fx_fetcher.py", line 13, in _build_provider
    return TwelveDataFetcher(self.settings)
  File "/home/tzahi/repo/trade/src/data/twelve_data_fetcher.py", line 32, in __init__
    raise ValueError("Twelve Data API key must be provided in settings.provider_api_key")
ValueError: Twelve Data API key must be provided in settings.provider_api_key
Traceback (most recent call last):
  File "/home/tzahi/repo/trade/src/main.py", line 243, in <module>
    main()
    ~~~~^^
  File "/home/tzahi/repo/trade/src/main.py", line 204, in main
    fetcher = FXFetcher(settings)
  File "/home/tzahi/repo/trade/src/data/fx_fetcher.py", line 9, in __init__
    self._provider = self._build_provider()
                     ~~~~~~~~~~~~~~~~~~~~^^
  File "/home/tzahi/repo/trade/src/data/fx_fetcher.py", line 13, in _build_provider
    return TwelveDataFetcher(self.settings)
  File "/home/tzahi/repo/trade/src/data/twelve_data_fetcher.py", line 32, in __init__
    raise ValueError("Twelve Data API key must be provided in settings.provider_api_key")
ValueError: Twelve Data API key must be provided in settings.provider_api_key
Traceback (most recent call last):
  File "/home/tzahi/repo/trade/src/main.py", line 243, in <module>
    main()
    ~~~~^^
  File "/home/tzahi/repo/trade/src/main.py", line 204, in main
    fetcher = FXFetcher(settings)
  File "/home/tzahi/repo/trade/src/data/fx_fetcher.py", line 9, in __init__
    self._provider = self._build_provider()
                     ~~~~~~~~~~~~~~~~~~~~^^
  File "/home/tzahi/repo/trade/src/data/fx_fetcher.py", line 13, in _build_provider
    return TwelveDataFetcher(self.settings)
  File "/home/tzahi/repo/trade/src/data/twelve_data_fetcher.py", line 32, in __init__
    raise ValueError("Twelve Data API key must be provided in settings.provider_api_key")
ValueError: Twelve Data API key must be provided in settings.provider_api_key
Traceback (most recent call last):
  File "/home/tzahi/repo/trade/src/main.py", line 243, in <module>
    main()
    ~~~~^^
  File "/home/tzahi/repo/trade/src/main.py", line 204, in main
    fetcher = FXFetcher(settings)
  File "/home/tzahi/repo/trade/src/data/fx_fetcher.py", line 9, in __init__
    self._provider = self._build_provider()
                     ~~~~~~~~~~~~~~~~~~~~^^
  File "/home/tzahi/repo/trade/src/data/fx_fetcher.py", line 13, in _build_provider
    return TwelveDataFetcher(self.settings)
  File "/home/tzahi/repo/trade/src/data/twelve_data_fetcher.py", line 32, in __init__
    raise ValueError("Twelve Data API key must be provided in settings.provider_api_key")
ValueError: Twelve Data API key must be provided in settings.provider_api_key
Traceback (most recent call last):
  File "/home/tzahi/repo/trade/src/main.py", line 243, in <module>
    main()
    ~~~~^^
  File "/home/tzahi/repo/trade/src/main.py", line 204, in main
    fetcher = FXFetcher(settings)
  File "/home/tzahi/repo/trade/src/data/fx_fetcher.py", line 9, in __init__
    self._provider = self._build_provider()
                     ~~~~~~~~~~~~~~~~~~~~^^
  File "/home/tzahi/repo/trade/src/data/fx_fetcher.py", line 13, in _build_provider
    return TwelveDataFetcher(self.settings)
  File "/home/tzahi/repo/trade/src/data/twelve_data_fetcher.py", line 32, in __init__
    raise ValueError("Twelve Data API key must be provided in settings.provider_api_key")
ValueError: Twelve Data API key must be provided in settings.provider_api_key
Traceback (most recent call last):
  File "/home/tzahi/repo/trade/src/main.py", line 243, in <module>
    main()
    ~~~~^^
  File "/home/tzahi/repo/trade/src/main.py", line 204, in main
    fetcher = FXFetcher(settings)
  File "/home/tzahi/repo/trade/src/data/fx_fetcher.py", line 9, in __init__
    self._provider = self._build_provider()
                     ~~~~~~~~~~~~~~~~~~~~^^
  File "/home/tzahi/repo/trade/src/data/fx_fetcher.py", line 13, in _build_provider
    return TwelveDataFetcher(self.settings)
  File "/home/tzahi/repo/trade/src/data/twelve_data_fetcher.py", line 32, in __init__
    raise ValueError("Twelve Data API key must be provided in settings.provider_api_key")
ValueError: Twelve Data API key must be provided in settings.provider_api_key
Traceback (most recent call last):
  File "/home/tzahi/repo/trade/src/main.py", line 243, in <module>
    main()
    ~~~~^^
  File "/home/tzahi/repo/trade/src/main.py", line 204, in main
    fetcher = FXFetcher(settings)
  File "/home/tzahi/repo/trade/src/data/fx_fetcher.py", line 9, in __init__
    self._provider = self._build_provider()
                     ~~~~~~~~~~~~~~~~~~~~^^
  File "/home/tzahi/repo/trade/src/data/fx_fetcher.py", line 13, in _build_provider
    return TwelveDataFetcher(self.settings)
  File "/home/tzahi/repo/trade/src/data/twelve_data_fetcher.py", line 32, in __init__
    raise ValueError("Twelve Data API key must be provided in settings.provider_api_key")
ValueError: Twelve Data API key must be provided in settings.provider_api_key
Traceback (most recent call last):
  File "/home/tzahi/repo/trade/src/main.py", line 243, in <module>
    main()
    ~~~~^^
  File "/home/tzahi/repo/trade/src/main.py", line 204, in main
    fetcher = FXFetcher(settings)
  File "/home/tzahi/repo/trade/src/data/fx_fetcher.py", line 9, in __init__
    self._provider = self._build_provider()
                     ~~~~~~~~~~~~~~~~~~~~^^
  File "/home/tzahi/repo/trade/src/data/fx_fetcher.py", line 13, in _build_provider
    return TwelveDataFetcher(self.settings)
  File "/home/tzahi/repo/trade/src/data/twelve_data_fetcher.py", line 32, in __init__
    raise ValueError("Twelve Data API key must be provided in settings.provider_api_key")
ValueError: Twelve Data API key must be provided in settings.provider_api_key
Traceback (most recent call last):
  File "/home/tzahi/repo/trade/src/main.py", line 243, in <module>
    main()
    ~~~~^^
  File "/home/tzahi/repo/trade/src/main.py", line 204, in main
    fetcher = FXFetcher(settings)
  File "/home/tzahi/repo/trade/src/data/fx_fetcher.py", line 9, in __init__
    self._provider = self._build_provider()
                     ~~~~~~~~~~~~~~~~~~~~^^
  File "/home/tzahi/repo/trade/src/data/fx_fetcher.py", line 13, in _build_provider
    return TwelveDataFetcher(self.settings)
  File "/home/tzahi/repo/trade/src/data/twelve_data_fetcher.py", line 32, in __init__
    raise ValueError("Twelve Data API key must be provided in settings.provider_api_key")
ValueError: Twelve Data API key must be provided in settings.provider_api_key
Traceback (most recent call last):
  File "/home/tzahi/repo/trade/src/main.py", line 243, in <module>
    main()
    ~~~~^^
  File "/home/tzahi/repo/trade/src/main.py", line 204, in main
    fetcher = FXFetcher(settings)
  File "/home/tzahi/repo/trade/src/data/fx_fetcher.py", line 9, in __init__
    self._provider = self._build_provider()
                     ~~~~~~~~~~~~~~~~~~~~^^
  File "/home/tzahi/repo/trade/src/data/fx_fetcher.py", line 13, in _build_provider
    return TwelveDataFetcher(self.settings)
  File "/home/tzahi/repo/trade/src/data/twelve_data_fetcher.py", line 32, in __init__
    raise ValueError("Twelve Data API key must be provided in settings.provider_api_key")
ValueError: Twelve Data API key must be provided in settings.provider_api_key
Traceback (most recent call last):
  File "/home/tzahi/repo/trade/src/main.py", line 243, in <module>
    main()
    ~~~~^^
  File "/home/tzahi/repo/trade/src/main.py", line 204, in main
    fetcher = FXFetcher(settings)
  File "/home/tzahi/repo/trade/src/data/fx_fetcher.py", line 9, in __init__
    self._provider = self._build_provider()
                     ~~~~~~~~~~~~~~~~~~~~^^
  File "/home/tzahi/repo/trade/src/data/fx_fetcher.py", line 13, in _build_provider
    return TwelveDataFetcher(self.settings)
  File "/home/tzahi/repo/trade/src/data/twelve_data_fetcher.py", line 32, in __init__
    raise ValueError("Twelve Data API key must be provided in settings.provider_api_key")
ValueError: Twelve Data API key must be provided in settings.provider_api_key
Traceback (most recent call last):
  File "/home/tzahi/repo/trade/src/main.py", line 243, in <module>
    main()
    ~~~~^^
  File "/home/tzahi/repo/trade/src/main.py", line 204, in main
    fetcher = FXFetcher(settings)
  File "/home/tzahi/repo/trade/src/data/fx_fetcher.py", line 9, in __init__
    self._provider = self._build_provider()
                     ~~~~~~~~~~~~~~~~~~~~^^
  File "/home/tzahi/repo/trade/src/data/fx_fetcher.py", line 13, in _build_provider
    return TwelveDataFetcher(self.settings)
  File "/home/tzahi/repo/trade/src/data/twelve_data_fetcher.py", line 32, in __init__
    raise ValueError("Twelve Data API key must be provided in settings.provider_api_key")
ValueError: Twelve Data API key must be provided in settings.provider_api_key
Traceback (most recent call last):
  File "/home/tzahi/repo/trade/src/main.py", line 243, in <module>
    main()
    ~~~~^^
  File "/home/tzahi/repo/trade/src/main.py", line 204, in main
    fetcher = FXFetcher(settings)
  File "/home/tzahi/repo/trade/src/data/fx_fetcher.py", line 9, in __init__
    self._provider = self._build_provider()
                     ~~~~~~~~~~~~~~~~~~~~^^
  File "/home/tzahi/repo/trade/src/data/fx_fetcher.py", line 13, in _build_provider
    return TwelveDataFetcher(self.settings)
  File "/home/tzahi/repo/trade/src/data/twelve_data_fetcher.py", line 32, in __init__
    raise ValueError("Twelve Data API key must be provided in settings.provider_api_key")
ValueError: Twelve Data API key must be provided in settings.provider_api_key
Traceback (most recent call last):
  File "/home/tzahi/repo/trade/src/main.py", line 243, in <module>
    main()
    ~~~~^^
  File "/home/tzahi/repo/trade/src/main.py", line 204, in main
    fetcher = FXFetcher(settings)
  File "/home/tzahi/repo/trade/src/data/fx_fetcher.py", line 9, in __init__
    self._provider = self._build_provider()
                     ~~~~~~~~~~~~~~~~~~~~^^
  File "/home/tzahi/repo/trade/src/data/fx_fetcher.py", line 13, in _build_provider
    return TwelveDataFetcher(self.settings)
  File "/home/tzahi/repo/trade/src/data/twelve_data_fetcher.py", line 32, in __init__
    raise ValueError("Twelve Data API key must be provided in settings.provider_api_key")
ValueError: Twelve Data API key must be provided in settings.provider_api_key
Traceback (most recent call last):
  File "/home/tzahi/repo/trade/src/main.py", line 243, in <module>
    main()
    ~~~~^^
  File "/home/tzahi/repo/trade/src/main.py", line 204, in main
    fetcher = FXFetcher(settings)
  File "/home/tzahi/repo/trade/src/data/fx_fetcher.py", line 9, in __init__
    self._provider = self._build_provider()
                     ~~~~~~~~~~~~~~~~~~~~^^
  File "/home/tzahi/repo/trade/src/data/fx_fetcher.py", line 13, in _build_provider
    return TwelveDataFetcher(self.settings)
  File "/home/tzahi/repo/trade/src/data/twelve_data_fetcher.py", line 32, in __init__
    raise ValueError("Twelve Data API key must be provided in settings.provider_api_key")
ValueError: Twelve Data API key must be provided in settings.provider_api_key
Traceback (most recent call last):
  File "/home/tzahi/repo/trade/src/main.py", line 243, in <module>
    main()
    ~~~~^^
  File "/home/tzahi/repo/trade/src/main.py", line 204, in main
    fetcher = FXFetcher(settings)
  File "/home/tzahi/repo/trade/src/data/fx_fetcher.py", line 9, in __init__
    self._provider = self._build_provider()
                     ~~~~~~~~~~~~~~~~~~~~^^
  File "/home/tzahi/repo/trade/src/data/fx_fetcher.py", line 13, in _build_provider
    return TwelveDataFetcher(self.settings)
  File "/home/tzahi/repo/trade/src/data/twelve_data_fetcher.py", line 32, in __init__
    raise ValueError("Twelve Data API key must be provided in settings.provider_api_key")
ValueError: Twelve Data API key must be provided in settings.provider_api_key
Traceback (most recent call last):
  File "/home/tzahi/repo/trade/src/main.py", line 243, in <module>
    main()
    ~~~~^^
  File "/home/tzahi/repo/trade/src/main.py", line 204, in main
    fetcher = FXFetcher(settings)
  File "/home/tzahi/repo/trade/src/data/fx_fetcher.py", line 9, in __init__
    self._provider = self._build_provider()
                     ~~~~~~~~~~~~~~~~~~~~^^
  File "/home/tzahi/repo/trade/src/data/fx_fetcher.py", line 13, in _build_provider
    return TwelveDataFetcher(self.settings)
  File "/home/tzahi/repo/trade/src/data/twelve_data_fetcher.py", line 32, in __init__
    raise ValueError("Twelve Data API key must be provided in settings.provider_api_key")
ValueError: Twelve Data API key must be provided in settings.provider_api_key
Traceback (most recent call last):
  File "/home/tzahi/repo/trade/src/main.py", line 243, in <module>
    main()
    ~~~~^^
  File "/home/tzahi/repo/trade/src/main.py", line 204, in main
    fetcher = FXFetcher(settings)
  File "/home/tzahi/repo/trade/src/data/fx_fetcher.py", line 9, in __init__
    self._provider = self._build_provider()
                     ~~~~~~~~~~~~~~~~~~~~^^
  File "/home/tzahi/repo/trade/src/data/fx_fetcher.py", line 13, in _build_provider
    return TwelveDataFetcher(self.settings)
  File "/home/tzahi/repo/trade/src/data/twelve_data_fetcher.py", line 32, in __init__
    raise ValueError("Twelve Data API key must be provided in settings.provider_api_key")
ValueError: Twelve Data API key must be provided in settings.provider_api_key
Traceback (most recent call last):
  File "/home/tzahi/repo/trade/src/main.py", line 243, in <module>
    main()
    ~~~~^^
  File "/home/tzahi/repo/trade/src/main.py", line 204, in main
    fetcher = FXFetcher(settings)
  File "/home/tzahi/repo/trade/src/data/fx_fetcher.py", line 9, in __init__
    self._provider = self._build_provider()
                     ~~~~~~~~~~~~~~~~~~~~^^
  File "/home/tzahi/repo/trade/src/data/fx_fetcher.py", line 13, in _build_provider
    return TwelveDataFetcher(self.settings)
  File "/home/tzahi/repo/trade/src/data/twelve_data_fetcher.py", line 32, in __init__
    raise ValueError("Twelve Data API key must be provided in settings.provider_api_key")
ValueError: Twelve Data API key must be provided in settings.provider_api_key
Traceback (most recent call last):
  File "/home/tzahi/repo/trade/src/main.py", line 243, in <module>
    main()
    ~~~~^^
  File "/home/tzahi/repo/trade/src/main.py", line 204, in main
    fetcher = FXFetcher(settings)
  File "/home/tzahi/repo/trade/src/data/fx_fetcher.py", line 9, in __init__
    self._provider = self._build_provider()
                     ~~~~~~~~~~~~~~~~~~~~^^
  File "/home/tzahi/repo/trade/src/data/fx_fetcher.py", line 13, in _build_provider
    return TwelveDataFetcher(self.settings)
  File "/home/tzahi/repo/trade/src/data/twelve_data_fetcher.py", line 32, in __init__
    raise ValueError("Twelve Data API key must be provided in settings.provider_api_key")
ValueError: Twelve Data API key must be provided in settings.provider_api_key
Traceback (most recent call last):
  File "/home/tzahi/repo/trade/src/main.py", line 243, in <module>
    main()
    ~~~~^^
  File "/home/tzahi/repo/trade/src/main.py", line 204, in main
    fetcher = FXFetcher(settings)
  File "/home/tzahi/repo/trade/src/data/fx_fetcher.py", line 9, in __init__
    self._provider = self._build_provider()
                     ~~~~~~~~~~~~~~~~~~~~^^
  File "/home/tzahi/repo/trade/src/data/fx_fetcher.py", line 13, in _build_provider
    return TwelveDataFetcher(self.settings)
  File "/home/tzahi/repo/trade/src/data/twelve_data_fetcher.py", line 32, in __init__
    raise ValueError("Twelve Data API key must be provided in settings.provider_api_key")
ValueError: Twelve Data API key must be provided in settings.provider_api_key
Traceback (most recent call last):
  File "/home/tzahi/repo/trade/src/main.py", line 243, in <module>
    main()
    ~~~~^^
  File "/home/tzahi/repo/trade/src/main.py", line 204, in main
    fetcher = FXFetcher(settings)
  File "/home/tzahi/repo/trade/src/data/fx_fetcher.py", line 9, in __init__
    self._provider = self._build_provider()
                     ~~~~~~~~~~~~~~~~~~~~^^
  File "/home/tzahi/repo/trade/src/data/fx_fetcher.py", line 13, in _build_provider
    return TwelveDataFetcher(self.settings)
  File "/home/tzahi/repo/trade/src/data/twelve_data_fetcher.py", line 32, in __init__
    raise ValueError("Twelve Data API key must be provided in settings.provider_api_key")
ValueError: Twelve Data API key must be provided in settings.provider_api_key
Traceback (most recent call last):
  File "/home/tzahi/repo/trade/src/main.py", line 243, in <module>
    main()
    ~~~~^^
  File "/home/tzahi/repo/trade/src/main.py", line 204, in main
    fetcher = FXFetcher(settings)
  File "/home/tzahi/repo/trade/src/data/fx_fetcher.py", line 9, in __init__
    self._provider = self._build_provider()
                     ~~~~~~~~~~~~~~~~~~~~^^
  File "/home/tzahi/repo/trade/src/data/fx_fetcher.py", line 13, in _build_provider
    return TwelveDataFetcher(self.settings)
  File "/home/tzahi/repo/trade/src/data/twelve_data_fetcher.py", line 32, in __init__
    raise ValueError("Twelve Data API key must be provided in settings.provider_api_key")
ValueError: Twelve Data API key must be provided in settings.provider_api_key
Traceback (most recent call last):
  File "/home/tzahi/repo/trade/src/main.py", line 243, in <module>
    main()
    ~~~~^^
  File "/home/tzahi/repo/trade/src/main.py", line 204, in main
    fetcher = FXFetcher(settings)
  File "/home/tzahi/repo/trade/src/data/fx_fetcher.py", line 9, in __init__
    self._provider = self._build_provider()
                     ~~~~~~~~~~~~~~~~~~~~^^
  File "/home/tzahi/repo/trade/src/data/fx_fetcher.py", line 13, in _build_provider
    return TwelveDataFetcher(self.settings)
  File "/home/tzahi/repo/trade/src/data/twelve_data_fetcher.py", line 32, in __init__
    raise ValueError("Twelve Data API key must be provided in settings.provider_api_key")
ValueError: Twelve Data API key must be provided in settings.provider_api_key
Traceback (most recent call last):
  File "/home/tzahi/repo/trade/src/main.py", line 243, in <module>
    main()
    ~~~~^^
  File "/home/tzahi/repo/trade/src/main.py", line 204, in main
    fetcher = FXFetcher(settings)
  File "/home/tzahi/repo/trade/src/data/fx_fetcher.py", line 9, in __init__
    self._provider = self._build_provider()
                     ~~~~~~~~~~~~~~~~~~~~^^
  File "/home/tzahi/repo/trade/src/data/fx_fetcher.py", line 13, in _build_provider
    return TwelveDataFetcher(self.settings)
  File "/home/tzahi/repo/trade/src/data/twelve_data_fetcher.py", line 32, in __init__
    raise ValueError("Twelve Data API key must be provided in settings.provider_api_key")
ValueError: Twelve Data API key must be provided in settings.provider_api_key
Traceback (most recent call last):
  File "/home/tzahi/repo/trade/src/main.py", line 243, in <module>
    main()
    ~~~~^^
  File "/home/tzahi/repo/trade/src/main.py", line 204, in main
    fetcher = FXFetcher(settings)
  File "/home/tzahi/repo/trade/src/data/fx_fetcher.py", line 9, in __init__
    self._provider = self._build_provider()
                     ~~~~~~~~~~~~~~~~~~~~^^
  File "/home/tzahi/repo/trade/src/data/fx_fetcher.py", line 13, in _build_provider
    return TwelveDataFetcher(self.settings)
  File "/home/tzahi/repo/trade/src/data/twelve_data_fetcher.py", line 32, in __init__
    raise ValueError("Twelve Data API key must be provided in settings.provider_api_key")
ValueError: Twelve Data API key must be provided in settings.provider_api_key
Traceback (most recent call last):
  File "/home/tzahi/repo/trade/src/main.py", line 243, in <module>
    main()
    ~~~~^^
  File "/home/tzahi/repo/trade/src/main.py", line 204, in main
    fetcher = FXFetcher(settings)
  File "/home/tzahi/repo/trade/src/data/fx_fetcher.py", line 9, in __init__
    self._provider = self._build_provider()
                     ~~~~~~~~~~~~~~~~~~~~^^
  File "/home/tzahi/repo/trade/src/data/fx_fetcher.py", line 13, in _build_provider
    return TwelveDataFetcher(self.settings)
  File "/home/tzahi/repo/trade/src/data/twelve_data_fetcher.py", line 32, in __init__
    raise ValueError("Twelve Data API key must be provided in settings.provider_api_key")
ValueError: Twelve Data API key must be provided in settings.provider_api_key
Traceback (most recent call last):
  File "/home/tzahi/repo/trade/src/main.py", line 243, in <module>
    main()
    ~~~~^^
  File "/home/tzahi/repo/trade/src/main.py", line 204, in main
    fetcher = FXFetcher(settings)
  File "/home/tzahi/repo/trade/src/data/fx_fetcher.py", line 9, in __init__
    self._provider = self._build_provider()
                     ~~~~~~~~~~~~~~~~~~~~^^
  File "/home/tzahi/repo/trade/src/data/fx_fetcher.py", line 13, in _build_provider
    return TwelveDataFetcher(self.settings)
  File "/home/tzahi/repo/trade/src/data/twelve_data_fetcher.py", line 32, in __init__
    raise ValueError("Twelve Data API key must be provided in settings.provider_api_key")
ValueError: Twelve Data API key must be provided in settings.provider_api_key
2026-06-04 20:58:30 [INFO] Adding job tentatively -- it will be properly scheduled when the scheduler starts
2026-06-04 20:58:30 [INFO] Adding job tentatively -- it will be properly scheduled when the scheduler starts
2026-06-04 20:58:30 [INFO] Starting continuous fetch scheduler. Fetch check runs every minute at second 10.
2026-06-04 20:58:30 [INFO] Log rotation enabled: 12h interval, 4 backups (~48h retention)
2026-06-04 20:58:30 [INFO] Added job "fetch_job" to job store "default"
2026-06-04 20:58:30 [INFO] Added job "check_logs_job" to job store "default"
2026-06-04 20:58:30 [INFO] Scheduler started
2026-06-04 20:59:10 [INFO] Running job "fetch_job (trigger: cron[second='10'], next run at: 2026-06-04 20:59:10 IDT)" (scheduled at 2026-06-04 20:59:10+03:00)
2026-06-04 20:59:10 [INFO] Job "fetch_job (trigger: cron[second='10'], next run at: 2026-06-04 21:00:10 IDT)" executed successfully
2026-06-04 21:00:10 [INFO] Running job "fetch_job (trigger: cron[second='10'], next run at: 2026-06-04 21:01:10 IDT)" (scheduled at 2026-06-04 21:00:10+03:00)
2026-06-04 21:00:10 [INFO] Job "fetch_job (trigger: cron[second='10'], next run at: 2026-06-04 21:01:10 IDT)" executed successfully
2026-06-04 21:01:10 [INFO] Running job "fetch_job (trigger: cron[second='10'], next run at: 2026-06-04 21:02:10 IDT)" (scheduled at 2026-06-04 21:01:10+03:00)
2026-06-04 21:01:10 [INFO] Running scheduled fetch for timeframes: 15m, 30m, 1h
2026-06-04 21:01:10 [INFO] Fetching EURUSD 15m
2026-06-04 21:01:10 [ERROR] Failed to fetch EURUSD 15m: SQLite objects created in a thread can only be used in that same thread. The object was created in thread id 125956076908992 and this is thread id 125956045051584.
Traceback (most recent call last):
  File "/home/tzahi/repo/trade/src/main.py", line 149, in fetch_job
    process_symbol_timeframe(symbol, timeframe, fetcher, db, alert_manager)
    ~~~~~~~~~~~~~~~~~~~~~~~~^^^^^^^^^^^^^^^^^^^^^^^^^^^^^^^^^^^^^^^^^^^^^^^
  File "/home/tzahi/repo/trade/src/main.py", line 114, in process_symbol_timeframe
    latest_timestamp = db.get_latest_timestamp(symbol, timeframe)
  File "/home/tzahi/repo/trade/src/db/local_db.py", line 83, in get_latest_timestamp
    cursor = self.conn.execute(query, (symbol, timeframe))
sqlite3.ProgrammingError: SQLite objects created in a thread can only be used in that same thread. The object was created in thread id 125956076908992 and this is thread id 125956045051584.
2026-06-04 21:01:10 [INFO] Fetching EURUSD 30m
2026-06-04 21:01:10 [ERROR] Failed to fetch EURUSD 30m: SQLite objects created in a thread can only be used in that same thread. The object was created in thread id 125956076908992 and this is thread id 125956045051584.
Traceback (most recent call last):
  File "/home/tzahi/repo/trade/src/main.py", line 149, in fetch_job
    process_symbol_timeframe(symbol, timeframe, fetcher, db, alert_manager)
    ~~~~~~~~~~~~~~~~~~~~~~~~^^^^^^^^^^^^^^^^^^^^^^^^^^^^^^^^^^^^^^^^^^^^^^^
  File "/home/tzahi/repo/trade/src/main.py", line 114, in process_symbol_timeframe
    latest_timestamp = db.get_latest_timestamp(symbol, timeframe)
  File "/home/tzahi/repo/trade/src/db/local_db.py", line 83, in get_latest_timestamp
    cursor = self.conn.execute(query, (symbol, timeframe))
sqlite3.ProgrammingError: SQLite objects created in a thread can only be used in that same thread. The object was created in thread id 125956076908992 and this is thread id 125956045051584.
2026-06-04 21:01:10 [INFO] Fetching EURUSD 1h
2026-06-04 21:01:10 [ERROR] Failed to fetch EURUSD 1h: SQLite objects created in a thread can only be used in that same thread. The object was created in thread id 125956076908992 and this is thread id 125956045051584.
Traceback (most recent call last):
  File "/home/tzahi/repo/trade/src/main.py", line 149, in fetch_job
    process_symbol_timeframe(symbol, timeframe, fetcher, db, alert_manager)
    ~~~~~~~~~~~~~~~~~~~~~~~~^^^^^^^^^^^^^^^^^^^^^^^^^^^^^^^^^^^^^^^^^^^^^^^
  File "/home/tzahi/repo/trade/src/main.py", line 114, in process_symbol_timeframe
    latest_timestamp = db.get_latest_timestamp(symbol, timeframe)
  File "/home/tzahi/repo/trade/src/db/local_db.py", line 83, in get_latest_timestamp
    cursor = self.conn.execute(query, (symbol, timeframe))
sqlite3.ProgrammingError: SQLite objects created in a thread can only be used in that same thread. The object was created in thread id 125956076908992 and this is thread id 125956045051584.
2026-06-04 21:01:10 [INFO] Fetching GBPUSD 15m
2026-06-04 21:01:10 [ERROR] Failed to fetch GBPUSD 15m: SQLite objects created in a thread can only be used in that same thread. The object was created in thread id 125956076908992 and this is thread id 125956045051584.
Traceback (most recent call last):
  File "/home/tzahi/repo/trade/src/main.py", line 149, in fetch_job
    process_symbol_timeframe(symbol, timeframe, fetcher, db, alert_manager)
    ~~~~~~~~~~~~~~~~~~~~~~~~^^^^^^^^^^^^^^^^^^^^^^^^^^^^^^^^^^^^^^^^^^^^^^^
  File "/home/tzahi/repo/trade/src/main.py", line 114, in process_symbol_timeframe
    latest_timestamp = db.get_latest_timestamp(symbol, timeframe)
  File "/home/tzahi/repo/trade/src/db/local_db.py", line 83, in get_latest_timestamp
    cursor = self.conn.execute(query, (symbol, timeframe))
sqlite3.ProgrammingError: SQLite objects created in a thread can only be used in that same thread. The object was created in thread id 125956076908992 and this is thread id 125956045051584.
2026-06-04 21:01:10 [INFO] Fetching GBPUSD 30m
2026-06-04 21:01:10 [ERROR] Failed to fetch GBPUSD 30m: SQLite objects created in a thread can only be used in that same thread. The object was created in thread id 125956076908992 and this is thread id 125956045051584.
Traceback (most recent call last):
  File "/home/tzahi/repo/trade/src/main.py", line 149, in fetch_job
    process_symbol_timeframe(symbol, timeframe, fetcher, db, alert_manager)
    ~~~~~~~~~~~~~~~~~~~~~~~~^^^^^^^^^^^^^^^^^^^^^^^^^^^^^^^^^^^^^^^^^^^^^^^
  File "/home/tzahi/repo/trade/src/main.py", line 114, in process_symbol_timeframe
    latest_timestamp = db.get_latest_timestamp(symbol, timeframe)
  File "/home/tzahi/repo/trade/src/db/local_db.py", line 83, in get_latest_timestamp
    cursor = self.conn.execute(query, (symbol, timeframe))
sqlite3.ProgrammingError: SQLite objects created in a thread can only be used in that same thread. The object was created in thread id 125956076908992 and this is thread id 125956045051584.
2026-06-04 21:01:10 [INFO] Fetching GBPUSD 1h
2026-06-04 21:01:10 [ERROR] Failed to fetch GBPUSD 1h: SQLite objects created in a thread can only be used in that same thread. The object was created in thread id 125956076908992 and this is thread id 125956045051584.
Traceback (most recent call last):
  File "/home/tzahi/repo/trade/src/main.py", line 149, in fetch_job
    process_symbol_timeframe(symbol, timeframe, fetcher, db, alert_manager)
    ~~~~~~~~~~~~~~~~~~~~~~~~^^^^^^^^^^^^^^^^^^^^^^^^^^^^^^^^^^^^^^^^^^^^^^^
  File "/home/tzahi/repo/trade/src/main.py", line 114, in process_symbol_timeframe
    latest_timestamp = db.get_latest_timestamp(symbol, timeframe)
  File "/home/tzahi/repo/trade/src/db/local_db.py", line 83, in get_latest_timestamp
    cursor = self.conn.execute(query, (symbol, timeframe))
sqlite3.ProgrammingError: SQLite objects created in a thread can only be used in that same thread. The object was created in thread id 125956076908992 and this is thread id 125956045051584.
2026-06-04 21:01:10 [INFO] Fetching USDJPY 15m
2026-06-04 21:01:10 [ERROR] Failed to fetch USDJPY 15m: SQLite objects created in a thread can only be used in that same thread. The object was created in thread id 125956076908992 and this is thread id 125956045051584.
Traceback (most recent call last):
  File "/home/tzahi/repo/trade/src/main.py", line 149, in fetch_job
    process_symbol_timeframe(symbol, timeframe, fetcher, db, alert_manager)
    ~~~~~~~~~~~~~~~~~~~~~~~~^^^^^^^^^^^^^^^^^^^^^^^^^^^^^^^^^^^^^^^^^^^^^^^
  File "/home/tzahi/repo/trade/src/main.py", line 114, in process_symbol_timeframe
    latest_timestamp = db.get_latest_timestamp(symbol, timeframe)
  File "/home/tzahi/repo/trade/src/db/local_db.py", line 83, in get_latest_timestamp
    cursor = self.conn.execute(query, (symbol, timeframe))
sqlite3.ProgrammingError: SQLite objects created in a thread can only be used in that same thread. The object was created in thread id 125956076908992 and this is thread id 125956045051584.
2026-06-04 21:01:10 [INFO] Fetching USDJPY 30m
2026-06-04 21:01:10 [ERROR] Failed to fetch USDJPY 30m: SQLite objects created in a thread can only be used in that same thread. The object was created in thread id 125956076908992 and this is thread id 125956045051584.
Traceback (most recent call last):
  File "/home/tzahi/repo/trade/src/main.py", line 149, in fetch_job
    process_symbol_timeframe(symbol, timeframe, fetcher, db, alert_manager)
    ~~~~~~~~~~~~~~~~~~~~~~~~^^^^^^^^^^^^^^^^^^^^^^^^^^^^^^^^^^^^^^^^^^^^^^^
  File "/home/tzahi/repo/trade/src/main.py", line 114, in process_symbol_timeframe
    latest_timestamp = db.get_latest_timestamp(symbol, timeframe)
  File "/home/tzahi/repo/trade/src/db/local_db.py", line 83, in get_latest_timestamp
    cursor = self.conn.execute(query, (symbol, timeframe))
sqlite3.ProgrammingError: SQLite objects created in a thread can only be used in that same thread. The object was created in thread id 125956076908992 and this is thread id 125956045051584.
2026-06-04 21:01:10 [INFO] Fetching USDJPY 1h
2026-06-04 21:01:10 [ERROR] Failed to fetch USDJPY 1h: SQLite objects created in a thread can only be used in that same thread. The object was created in thread id 125956076908992 and this is thread id 125956045051584.
Traceback (most recent call last):
  File "/home/tzahi/repo/trade/src/main.py", line 149, in fetch_job
    process_symbol_timeframe(symbol, timeframe, fetcher, db, alert_manager)
    ~~~~~~~~~~~~~~~~~~~~~~~~^^^^^^^^^^^^^^^^^^^^^^^^^^^^^^^^^^^^^^^^^^^^^^^
  File "/home/tzahi/repo/trade/src/main.py", line 114, in process_symbol_timeframe
    latest_timestamp = db.get_latest_timestamp(symbol, timeframe)
  File "/home/tzahi/repo/trade/src/db/local_db.py", line 83, in get_latest_timestamp
    cursor = self.conn.execute(query, (symbol, timeframe))
sqlite3.ProgrammingError: SQLite objects created in a thread can only be used in that same thread. The object was created in thread id 125956076908992 and this is thread id 125956045051584.
2026-06-04 21:01:10 [INFO] Job "fetch_job (trigger: cron[second='10'], next run at: 2026-06-04 21:02:10 IDT)" executed successfully
2026-06-04 21:02:10 [INFO] Running job "fetch_job (trigger: cron[second='10'], next run at: 2026-06-04 21:03:10 IDT)" (scheduled at 2026-06-04 21:02:10+03:00)
2026-06-04 21:02:10 [INFO] Job "fetch_job (trigger: cron[second='10'], next run at: 2026-06-04 21:03:10 IDT)" executed successfully
2026-06-04 21:03:10 [INFO] Running job "fetch_job (trigger: cron[second='10'], next run at: 2026-06-04 21:04:10 IDT)" (scheduled at 2026-06-04 21:03:10+03:00)
2026-06-04 21:03:10 [INFO] Job "fetch_job (trigger: cron[second='10'], next run at: 2026-06-04 21:04:10 IDT)" executed successfully
2026-06-04 21:04:10 [INFO] Running job "fetch_job (trigger: cron[second='10'], next run at: 2026-06-04 21:05:10 IDT)" (scheduled at 2026-06-04 21:04:10+03:00)
2026-06-04 21:04:10 [INFO] Job "fetch_job (trigger: cron[second='10'], next run at: 2026-06-04 21:05:10 IDT)" executed successfully
2026-06-04 21:05:10 [INFO] Running job "fetch_job (trigger: cron[second='10'], next run at: 2026-06-04 21:06:10 IDT)" (scheduled at 2026-06-04 21:05:10+03:00)
2026-06-04 21:05:10 [INFO] Job "fetch_job (trigger: cron[second='10'], next run at: 2026-06-04 21:06:10 IDT)" executed successfully
2026-06-04 21:06:10 [INFO] Running job "fetch_job (trigger: cron[second='10'], next run at: 2026-06-04 21:07:10 IDT)" (scheduled at 2026-06-04 21:06:10+03:00)
2026-06-04 21:06:10 [INFO] Job "fetch_job (trigger: cron[second='10'], next run at: 2026-06-04 21:07:10 IDT)" executed successfully
2026-06-04 21:07:10 [INFO] Running job "fetch_job (trigger: cron[second='10'], next run at: 2026-06-04 21:08:10 IDT)" (scheduled at 2026-06-04 21:07:10+03:00)
2026-06-04 21:07:10 [INFO] Job "fetch_job (trigger: cron[second='10'], next run at: 2026-06-04 21:08:10 IDT)" executed successfully
2026-06-04 21:08:10 [INFO] Running job "fetch_job (trigger: cron[second='10'], next run at: 2026-06-04 21:09:10 IDT)" (scheduled at 2026-06-04 21:08:10+03:00)
2026-06-04 21:08:10 [INFO] Job "fetch_job (trigger: cron[second='10'], next run at: 2026-06-04 21:09:10 IDT)" executed successfully
2026-06-04 21:08:30 [INFO] Running job "check_logs_job (trigger: interval[0:10:00], next run at: 2026-06-04 21:18:30 IDT)" (scheduled at 2026-06-04 21:08:30.150548+03:00)
2026-06-04 21:08:30 [WARNING] Log monitor detected issues but no notifier is configured.
2026-06-04 21:08:30 [INFO] Job "check_logs_job (trigger: interval[0:10:00], next run at: 2026-06-04 21:18:30 IDT)" executed successfully
2026-06-04 21:09:10 [INFO] Running job "fetch_job (trigger: cron[second='10'], next run at: 2026-06-04 21:10:10 IDT)" (scheduled at 2026-06-04 21:09:10+03:00)
2026-06-04 21:09:10 [INFO] Job "fetch_job (trigger: cron[second='10'], next run at: 2026-06-04 21:10:10 IDT)" executed successfully
2026-06-04 21:10:10 [INFO] Running job "fetch_job (trigger: cron[second='10'], next run at: 2026-06-04 21:11:10 IDT)" (scheduled at 2026-06-04 21:10:10+03:00)
2026-06-04 21:10:10 [INFO] Job "fetch_job (trigger: cron[second='10'], next run at: 2026-06-04 21:11:10 IDT)" executed successfully
2026-06-04 21:11:10 [INFO] Running job "fetch_job (trigger: cron[second='10'], next run at: 2026-06-04 21:12:10 IDT)" (scheduled at 2026-06-04 21:11:10+03:00)
2026-06-04 21:11:10 [INFO] Job "fetch_job (trigger: cron[second='10'], next run at: 2026-06-04 21:12:10 IDT)" executed successfully
2026-06-04 21:12:10 [INFO] Running job "fetch_job (trigger: cron[second='10'], next run at: 2026-06-04 21:13:10 IDT)" (scheduled at 2026-06-04 21:12:10+03:00)
2026-06-04 21:12:10 [INFO] Job "fetch_job (trigger: cron[second='10'], next run at: 2026-06-04 21:13:10 IDT)" executed successfully
2026-06-04 21:13:10 [INFO] Running job "fetch_job (trigger: cron[second='10'], next run at: 2026-06-04 21:14:10 IDT)" (scheduled at 2026-06-04 21:13:10+03:00)
2026-06-04 21:13:10 [INFO] Job "fetch_job (trigger: cron[second='10'], next run at: 2026-06-04 21:14:10 IDT)" executed successfully
2026-06-04 21:14:10 [INFO] Running job "fetch_job (trigger: cron[second='10'], next run at: 2026-06-04 21:15:10 IDT)" (scheduled at 2026-06-04 21:14:10+03:00)
2026-06-04 21:14:10 [INFO] Job "fetch_job (trigger: cron[second='10'], next run at: 2026-06-04 21:15:10 IDT)" executed successfully
2026-06-04 21:15:10 [INFO] Running job "fetch_job (trigger: cron[second='10'], next run at: 2026-06-04 21:16:10 IDT)" (scheduled at 2026-06-04 21:15:10+03:00)
2026-06-04 21:15:10 [INFO] Job "fetch_job (trigger: cron[second='10'], next run at: 2026-06-04 21:16:10 IDT)" executed successfully
2026-06-04 21:16:10 [INFO] Running job "fetch_job (trigger: cron[second='10'], next run at: 2026-06-04 21:17:10 IDT)" (scheduled at 2026-06-04 21:16:10+03:00)
2026-06-04 21:16:10 [INFO] Running scheduled fetch for timeframes: 15m
2026-06-04 21:16:10 [INFO] Fetching EURUSD 15m
2026-06-04 21:16:10 [ERROR] Failed to fetch EURUSD 15m: SQLite objects created in a thread can only be used in that same thread. The object was created in thread id 125956076908992 and this is thread id 125956045051584.
Traceback (most recent call last):
  File "/home/tzahi/repo/trade/src/main.py", line 149, in fetch_job
    process_symbol_timeframe(symbol, timeframe, fetcher, db, alert_manager)
    ~~~~~~~~~~~~~~~~~~~~~~~~^^^^^^^^^^^^^^^^^^^^^^^^^^^^^^^^^^^^^^^^^^^^^^^
  File "/home/tzahi/repo/trade/src/main.py", line 114, in process_symbol_timeframe
    latest_timestamp = db.get_latest_timestamp(symbol, timeframe)
  File "/home/tzahi/repo/trade/src/db/local_db.py", line 83, in get_latest_timestamp
    cursor = self.conn.execute(query, (symbol, timeframe))
sqlite3.ProgrammingError: SQLite objects created in a thread can only be used in that same thread. The object was created in thread id 125956076908992 and this is thread id 125956045051584.
2026-06-04 21:16:10 [INFO] Fetching GBPUSD 15m
2026-06-04 21:16:10 [ERROR] Failed to fetch GBPUSD 15m: SQLite objects created in a thread can only be used in that same thread. The object was created in thread id 125956076908992 and this is thread id 125956045051584.
Traceback (most recent call last):
  File "/home/tzahi/repo/trade/src/main.py", line 149, in fetch_job
    process_symbol_timeframe(symbol, timeframe, fetcher, db, alert_manager)
    ~~~~~~~~~~~~~~~~~~~~~~~~^^^^^^^^^^^^^^^^^^^^^^^^^^^^^^^^^^^^^^^^^^^^^^^
  File "/home/tzahi/repo/trade/src/main.py", line 114, in process_symbol_timeframe
    latest_timestamp = db.get_latest_timestamp(symbol, timeframe)
  File "/home/tzahi/repo/trade/src/db/local_db.py", line 83, in get_latest_timestamp
    cursor = self.conn.execute(query, (symbol, timeframe))
sqlite3.ProgrammingError: SQLite objects created in a thread can only be used in that same thread. The object was created in thread id 125956076908992 and this is thread id 125956045051584.
2026-06-04 21:16:10 [INFO] Fetching USDJPY 15m
2026-06-04 21:16:10 [ERROR] Failed to fetch USDJPY 15m: SQLite objects created in a thread can only be used in that same thread. The object was created in thread id 125956076908992 and this is thread id 125956045051584.
Traceback (most recent call last):
  File "/home/tzahi/repo/trade/src/main.py", line 149, in fetch_job
    process_symbol_timeframe(symbol, timeframe, fetcher, db, alert_manager)
    ~~~~~~~~~~~~~~~~~~~~~~~~^^^^^^^^^^^^^^^^^^^^^^^^^^^^^^^^^^^^^^^^^^^^^^^
  File "/home/tzahi/repo/trade/src/main.py", line 114, in process_symbol_timeframe
    latest_timestamp = db.get_latest_timestamp(symbol, timeframe)
  File "/home/tzahi/repo/trade/src/db/local_db.py", line 83, in get_latest_timestamp
    cursor = self.conn.execute(query, (symbol, timeframe))
sqlite3.ProgrammingError: SQLite objects created in a thread can only be used in that same thread. The object was created in thread id 125956076908992 and this is thread id 125956045051584.
2026-06-04 21:16:10 [INFO] Job "fetch_job (trigger: cron[second='10'], next run at: 2026-06-04 21:17:10 IDT)" executed successfully
2026-06-04 21:17:10 [INFO] Running job "fetch_job (trigger: cron[second='10'], next run at: 2026-06-04 21:18:10 IDT)" (scheduled at 2026-06-04 21:17:10+03:00)
2026-06-04 21:17:10 [INFO] Job "fetch_job (trigger: cron[second='10'], next run at: 2026-06-04 21:18:10 IDT)" executed successfully
2026-06-04 21:18:10 [INFO] Running job "fetch_job (trigger: cron[second='10'], next run at: 2026-06-04 21:19:10 IDT)" (scheduled at 2026-06-04 21:18:10+03:00)
2026-06-04 21:18:10 [INFO] Job "fetch_job (trigger: cron[second='10'], next run at: 2026-06-04 21:19:10 IDT)" executed successfully
2026-06-04 21:18:30 [INFO] Running job "check_logs_job (trigger: interval[0:10:00], next run at: 2026-06-04 21:28:30 IDT)" (scheduled at 2026-06-04 21:18:30.150548+03:00)
2026-06-04 21:18:30 [WARNING] Log monitor detected issues but no notifier is configured.
2026-06-04 21:18:30 [INFO] Job "check_logs_job (trigger: interval[0:10:00], next run at: 2026-06-04 21:28:30 IDT)" executed successfully
2026-06-04 21:19:10 [INFO] Running job "fetch_job (trigger: cron[second='10'], next run at: 2026-06-04 21:20:10 IDT)" (scheduled at 2026-06-04 21:19:10+03:00)
2026-06-04 21:19:10 [INFO] Job "fetch_job (trigger: cron[second='10'], next run at: 2026-06-04 21:20:10 IDT)" executed successfully
2026-06-04 21:20:10 [INFO] Running job "fetch_job (trigger: cron[second='10'], next run at: 2026-06-04 21:21:10 IDT)" (scheduled at 2026-06-04 21:20:10+03:00)
2026-06-04 21:20:10 [INFO] Job "fetch_job (trigger: cron[second='10'], next run at: 2026-06-04 21:21:10 IDT)" executed successfully
2026-06-04 21:21:10 [INFO] Running job "fetch_job (trigger: cron[second='10'], next run at: 2026-06-04 21:22:10 IDT)" (scheduled at 2026-06-04 21:21:10+03:00)
2026-06-04 21:21:10 [INFO] Job "fetch_job (trigger: cron[second='10'], next run at: 2026-06-04 21:22:10 IDT)" executed successfully
2026-06-04 21:22:10 [INFO] Running job "fetch_job (trigger: cron[second='10'], next run at: 2026-06-04 21:23:10 IDT)" (scheduled at 2026-06-04 21:22:10+03:00)
2026-06-04 21:22:10 [INFO] Job "fetch_job (trigger: cron[second='10'], next run at: 2026-06-04 21:23:10 IDT)" executed successfully
2026-06-04 21:23:10 [INFO] Running job "fetch_job (trigger: cron[second='10'], next run at: 2026-06-04 21:24:10 IDT)" (scheduled at 2026-06-04 21:23:10+03:00)
2026-06-04 21:23:10 [INFO] Job "fetch_job (trigger: cron[second='10'], next run at: 2026-06-04 21:24:10 IDT)" executed successfully
2026-06-04 21:24:10 [INFO] Running job "fetch_job (trigger: cron[second='10'], next run at: 2026-06-04 21:25:10 IDT)" (scheduled at 2026-06-04 21:24:10+03:00)
2026-06-04 21:24:10 [INFO] Job "fetch_job (trigger: cron[second='10'], next run at: 2026-06-04 21:25:10 IDT)" executed successfully
2026-06-04 21:25:10 [INFO] Running job "fetch_job (trigger: cron[second='10'], next run at: 2026-06-04 21:26:10 IDT)" (scheduled at 2026-06-04 21:25:10+03:00)
2026-06-04 21:25:10 [INFO] Job "fetch_job (trigger: cron[second='10'], next run at: 2026-06-04 21:26:10 IDT)" executed successfully
2026-06-04 21:26:10 [INFO] Running job "fetch_job (trigger: cron[second='10'], next run at: 2026-06-04 21:27:10 IDT)" (scheduled at 2026-06-04 21:26:10+03:00)
2026-06-04 21:26:10 [INFO] Job "fetch_job (trigger: cron[second='10'], next run at: 2026-06-04 21:27:10 IDT)" executed successfully
2026-06-04 21:27:10 [INFO] Running job "fetch_job (trigger: cron[second='10'], next run at: 2026-06-04 21:28:10 IDT)" (scheduled at 2026-06-04 21:27:10+03:00)
2026-06-04 21:27:10 [INFO] Job "fetch_job (trigger: cron[second='10'], next run at: 2026-06-04 21:28:10 IDT)" executed successfully
2026-06-04 21:28:10 [INFO] Running job "fetch_job (trigger: cron[second='10'], next run at: 2026-06-04 21:29:10 IDT)" (scheduled at 2026-06-04 21:28:10+03:00)
2026-06-04 21:28:10 [INFO] Job "fetch_job (trigger: cron[second='10'], next run at: 2026-06-04 21:29:10 IDT)" executed successfully
2026-06-04 21:28:30 [INFO] Running job "check_logs_job (trigger: interval[0:10:00], next run at: 2026-06-04 21:38:30 IDT)" (scheduled at 2026-06-04 21:28:30.150548+03:00)
2026-06-04 21:28:30 [WARNING] Log monitor detected issues but no notifier is configured.
2026-06-04 21:28:30 [INFO] Job "check_logs_job (trigger: interval[0:10:00], next run at: 2026-06-04 21:38:30 IDT)" executed successfully
2026-06-04 21:29:10 [INFO] Running job "fetch_job (trigger: cron[second='10'], next run at: 2026-06-04 21:30:10 IDT)" (scheduled at 2026-06-04 21:29:10+03:00)
2026-06-04 21:29:10 [INFO] Job "fetch_job (trigger: cron[second='10'], next run at: 2026-06-04 21:30:10 IDT)" executed successfully
2026-06-04 21:30:10 [INFO] Running job "fetch_job (trigger: cron[second='10'], next run at: 2026-06-04 21:31:10 IDT)" (scheduled at 2026-06-04 21:30:10+03:00)
2026-06-04 21:30:10 [INFO] Job "fetch_job (trigger: cron[second='10'], next run at: 2026-06-04 21:31:10 IDT)" executed successfully
2026-06-04 21:31:10 [INFO] Running job "fetch_job (trigger: cron[second='10'], next run at: 2026-06-04 21:32:10 IDT)" (scheduled at 2026-06-04 21:31:10+03:00)
2026-06-04 21:31:10 [INFO] Running scheduled fetch for timeframes: 15m, 30m
2026-06-04 21:31:10 [INFO] Fetching EURUSD 15m
2026-06-04 21:31:10 [ERROR] Failed to fetch EURUSD 15m: SQLite objects created in a thread can only be used in that same thread. The object was created in thread id 125956076908992 and this is thread id 125956045051584.
Traceback (most recent call last):
  File "/home/tzahi/repo/trade/src/main.py", line 149, in fetch_job
    process_symbol_timeframe(symbol, timeframe, fetcher, db, alert_manager)
    ~~~~~~~~~~~~~~~~~~~~~~~~^^^^^^^^^^^^^^^^^^^^^^^^^^^^^^^^^^^^^^^^^^^^^^^
  File "/home/tzahi/repo/trade/src/main.py", line 114, in process_symbol_timeframe
    latest_timestamp = db.get_latest_timestamp(symbol, timeframe)
  File "/home/tzahi/repo/trade/src/db/local_db.py", line 83, in get_latest_timestamp
    cursor = self.conn.execute(query, (symbol, timeframe))
sqlite3.ProgrammingError: SQLite objects created in a thread can only be used in that same thread. The object was created in thread id 125956076908992 and this is thread id 125956045051584.
2026-06-04 21:31:10 [INFO] Fetching EURUSD 30m
2026-06-04 21:31:10 [ERROR] Failed to fetch EURUSD 30m: SQLite objects created in a thread can only be used in that same thread. The object was created in thread id 125956076908992 and this is thread id 125956045051584.
Traceback (most recent call last):
  File "/home/tzahi/repo/trade/src/main.py", line 149, in fetch_job
    process_symbol_timeframe(symbol, timeframe, fetcher, db, alert_manager)
    ~~~~~~~~~~~~~~~~~~~~~~~~^^^^^^^^^^^^^^^^^^^^^^^^^^^^^^^^^^^^^^^^^^^^^^^
  File "/home/tzahi/repo/trade/src/main.py", line 114, in process_symbol_timeframe
    latest_timestamp = db.get_latest_timestamp(symbol, timeframe)
  File "/home/tzahi/repo/trade/src/db/local_db.py", line 83, in get_latest_timestamp
    cursor = self.conn.execute(query, (symbol, timeframe))
sqlite3.ProgrammingError: SQLite objects created in a thread can only be used in that same thread. The object was created in thread id 125956076908992 and this is thread id 125956045051584.
2026-06-04 21:31:10 [INFO] Fetching GBPUSD 15m
2026-06-04 21:31:10 [ERROR] Failed to fetch GBPUSD 15m: SQLite objects created in a thread can only be used in that same thread. The object was created in thread id 125956076908992 and this is thread id 125956045051584.
Traceback (most recent call last):
  File "/home/tzahi/repo/trade/src/main.py", line 149, in fetch_job
    process_symbol_timeframe(symbol, timeframe, fetcher, db, alert_manager)
    ~~~~~~~~~~~~~~~~~~~~~~~~^^^^^^^^^^^^^^^^^^^^^^^^^^^^^^^^^^^^^^^^^^^^^^^
  File "/home/tzahi/repo/trade/src/main.py", line 114, in process_symbol_timeframe
    latest_timestamp = db.get_latest_timestamp(symbol, timeframe)
  File "/home/tzahi/repo/trade/src/db/local_db.py", line 83, in get_latest_timestamp
    cursor = self.conn.execute(query, (symbol, timeframe))
sqlite3.ProgrammingError: SQLite objects created in a thread can only be used in that same thread. The object was created in thread id 125956076908992 and this is thread id 125956045051584.
2026-06-04 21:31:10 [INFO] Fetching GBPUSD 30m
2026-06-04 21:31:10 [ERROR] Failed to fetch GBPUSD 30m: SQLite objects created in a thread can only be used in that same thread. The object was created in thread id 125956076908992 and this is thread id 125956045051584.
Traceback (most recent call last):
  File "/home/tzahi/repo/trade/src/main.py", line 149, in fetch_job
    process_symbol_timeframe(symbol, timeframe, fetcher, db, alert_manager)
    ~~~~~~~~~~~~~~~~~~~~~~~~^^^^^^^^^^^^^^^^^^^^^^^^^^^^^^^^^^^^^^^^^^^^^^^
  File "/home/tzahi/repo/trade/src/main.py", line 114, in process_symbol_timeframe
    latest_timestamp = db.get_latest_timestamp(symbol, timeframe)
  File "/home/tzahi/repo/trade/src/db/local_db.py", line 83, in get_latest_timestamp
    cursor = self.conn.execute(query, (symbol, timeframe))
sqlite3.ProgrammingError: SQLite objects created in a thread can only be used in that same thread. The object was created in thread id 125956076908992 and this is thread id 125956045051584.
2026-06-04 21:31:10 [INFO] Fetching USDJPY 15m
2026-06-04 21:31:10 [ERROR] Failed to fetch USDJPY 15m: SQLite objects created in a thread can only be used in that same thread. The object was created in thread id 125956076908992 and this is thread id 125956045051584.
Traceback (most recent call last):
  File "/home/tzahi/repo/trade/src/main.py", line 149, in fetch_job
    process_symbol_timeframe(symbol, timeframe, fetcher, db, alert_manager)
    ~~~~~~~~~~~~~~~~~~~~~~~~^^^^^^^^^^^^^^^^^^^^^^^^^^^^^^^^^^^^^^^^^^^^^^^
  File "/home/tzahi/repo/trade/src/main.py", line 114, in process_symbol_timeframe
    latest_timestamp = db.get_latest_timestamp(symbol, timeframe)
  File "/home/tzahi/repo/trade/src/db/local_db.py", line 83, in get_latest_timestamp
    cursor = self.conn.execute(query, (symbol, timeframe))
sqlite3.ProgrammingError: SQLite objects created in a thread can only be used in that same thread. The object was created in thread id 125956076908992 and this is thread id 125956045051584.
2026-06-04 21:31:10 [INFO] Fetching USDJPY 30m
2026-06-04 21:31:10 [ERROR] Failed to fetch USDJPY 30m: SQLite objects created in a thread can only be used in that same thread. The object was created in thread id 125956076908992 and this is thread id 125956045051584.
Traceback (most recent call last):
  File "/home/tzahi/repo/trade/src/main.py", line 149, in fetch_job
    process_symbol_timeframe(symbol, timeframe, fetcher, db, alert_manager)
    ~~~~~~~~~~~~~~~~~~~~~~~~^^^^^^^^^^^^^^^^^^^^^^^^^^^^^^^^^^^^^^^^^^^^^^^
  File "/home/tzahi/repo/trade/src/main.py", line 114, in process_symbol_timeframe
    latest_timestamp = db.get_latest_timestamp(symbol, timeframe)
  File "/home/tzahi/repo/trade/src/db/local_db.py", line 83, in get_latest_timestamp
    cursor = self.conn.execute(query, (symbol, timeframe))
sqlite3.ProgrammingError: SQLite objects created in a thread can only be used in that same thread. The object was created in thread id 125956076908992 and this is thread id 125956045051584.
2026-06-04 21:31:10 [INFO] Job "fetch_job (trigger: cron[second='10'], next run at: 2026-06-04 21:32:10 IDT)" executed successfully
2026-06-04 21:32:10 [INFO] Running job "fetch_job (trigger: cron[second='10'], next run at: 2026-06-04 21:33:10 IDT)" (scheduled at 2026-06-04 21:32:10+03:00)
2026-06-04 21:32:10 [INFO] Job "fetch_job (trigger: cron[second='10'], next run at: 2026-06-04 21:33:10 IDT)" executed successfully
2026-06-04 21:33:10 [INFO] Running job "fetch_job (trigger: cron[second='10'], next run at: 2026-06-04 21:34:10 IDT)" (scheduled at 2026-06-04 21:33:10+03:00)
2026-06-04 21:33:10 [INFO] Job "fetch_job (trigger: cron[second='10'], next run at: 2026-06-04 21:34:10 IDT)" executed successfully
2026-06-04 21:34:10 [INFO] Running job "fetch_job (trigger: cron[second='10'], next run at: 2026-06-04 21:35:10 IDT)" (scheduled at 2026-06-04 21:34:10+03:00)
2026-06-04 21:34:10 [INFO] Job "fetch_job (trigger: cron[second='10'], next run at: 2026-06-04 21:35:10 IDT)" executed successfully
2026-06-04 21:35:10 [INFO] Running job "fetch_job (trigger: cron[second='10'], next run at: 2026-06-04 21:36:10 IDT)" (scheduled at 2026-06-04 21:35:10+03:00)
2026-06-04 21:35:10 [INFO] Job "fetch_job (trigger: cron[second='10'], next run at: 2026-06-04 21:36:10 IDT)" executed successfully
2026-06-04 21:36:10 [INFO] Running job "fetch_job (trigger: cron[second='10'], next run at: 2026-06-04 21:37:10 IDT)" (scheduled at 2026-06-04 21:36:10+03:00)
2026-06-04 21:36:10 [INFO] Job "fetch_job (trigger: cron[second='10'], next run at: 2026-06-04 21:37:10 IDT)" executed successfully
2026-06-04 21:37:10 [INFO] Running job "fetch_job (trigger: cron[second='10'], next run at: 2026-06-04 21:38:10 IDT)" (scheduled at 2026-06-04 21:37:10+03:00)
2026-06-04 21:37:10 [INFO] Job "fetch_job (trigger: cron[second='10'], next run at: 2026-06-04 21:38:10 IDT)" executed successfully
2026-06-04 21:38:10 [INFO] Running job "fetch_job (trigger: cron[second='10'], next run at: 2026-06-04 21:39:10 IDT)" (scheduled at 2026-06-04 21:38:10+03:00)
2026-06-04 21:38:10 [INFO] Job "fetch_job (trigger: cron[second='10'], next run at: 2026-06-04 21:39:10 IDT)" executed successfully
2026-06-04 21:38:30 [INFO] Running job "check_logs_job (trigger: interval[0:10:00], next run at: 2026-06-04 21:48:30 IDT)" (scheduled at 2026-06-04 21:38:30.150548+03:00)
2026-06-04 21:38:30 [WARNING] Log monitor detected issues but no notifier is configured.
2026-06-04 21:38:30 [INFO] Job "check_logs_job (trigger: interval[0:10:00], next run at: 2026-06-04 21:48:30 IDT)" executed successfully
2026-06-04 21:39:10 [INFO] Running job "fetch_job (trigger: cron[second='10'], next run at: 2026-06-04 21:40:10 IDT)" (scheduled at 2026-06-04 21:39:10+03:00)
2026-06-04 21:39:10 [INFO] Job "fetch_job (trigger: cron[second='10'], next run at: 2026-06-04 21:40:10 IDT)" executed successfully
2026-06-04 21:40:10 [INFO] Running job "fetch_job (trigger: cron[second='10'], next run at: 2026-06-04 21:41:10 IDT)" (scheduled at 2026-06-04 21:40:10+03:00)
2026-06-04 21:40:10 [INFO] Job "fetch_job (trigger: cron[second='10'], next run at: 2026-06-04 21:41:10 IDT)" executed successfully
2026-06-04 21:41:10 [INFO] Running job "fetch_job (trigger: cron[second='10'], next run at: 2026-06-04 21:42:10 IDT)" (scheduled at 2026-06-04 21:41:10+03:00)
2026-06-04 21:41:10 [INFO] Job "fetch_job (trigger: cron[second='10'], next run at: 2026-06-04 21:42:10 IDT)" executed successfully
2026-06-04 21:42:10 [INFO] Running job "fetch_job (trigger: cron[second='10'], next run at: 2026-06-04 21:43:10 IDT)" (scheduled at 2026-06-04 21:42:10+03:00)
2026-06-04 21:42:10 [INFO] Job "fetch_job (trigger: cron[second='10'], next run at: 2026-06-04 21:43:10 IDT)" executed successfully
2026-06-04 21:43:10 [INFO] Running job "fetch_job (trigger: cron[second='10'], next run at: 2026-06-04 21:44:10 IDT)" (scheduled at 2026-06-04 21:43:10+03:00)
2026-06-04 21:43:10 [INFO] Job "fetch_job (trigger: cron[second='10'], next run at: 2026-06-04 21:44:10 IDT)" executed successfully
2026-06-04 21:44:10 [INFO] Running job "fetch_job (trigger: cron[second='10'], next run at: 2026-06-04 21:45:10 IDT)" (scheduled at 2026-06-04 21:44:10+03:00)
2026-06-04 21:44:10 [INFO] Job "fetch_job (trigger: cron[second='10'], next run at: 2026-06-04 21:45:10 IDT)" executed successfully
2026-06-04 21:45:10 [INFO] Running job "fetch_job (trigger: cron[second='10'], next run at: 2026-06-04 21:46:10 IDT)" (scheduled at 2026-06-04 21:45:10+03:00)
2026-06-04 21:45:10 [INFO] Job "fetch_job (trigger: cron[second='10'], next run at: 2026-06-04 21:46:10 IDT)" executed successfully
2026-06-04 21:46:10 [INFO] Running job "fetch_job (trigger: cron[second='10'], next run at: 2026-06-04 21:47:10 IDT)" (scheduled at 2026-06-04 21:46:10+03:00)
2026-06-04 21:46:10 [INFO] Running scheduled fetch for timeframes: 15m
2026-06-04 21:46:10 [INFO] Fetching EURUSD 15m
2026-06-04 21:46:10 [ERROR] Failed to fetch EURUSD 15m: SQLite objects created in a thread can only be used in that same thread. The object was created in thread id 125956076908992 and this is thread id 125956045051584.
Traceback (most recent call last):
  File "/home/tzahi/repo/trade/src/main.py", line 149, in fetch_job
    process_symbol_timeframe(symbol, timeframe, fetcher, db, alert_manager)
    ~~~~~~~~~~~~~~~~~~~~~~~~^^^^^^^^^^^^^^^^^^^^^^^^^^^^^^^^^^^^^^^^^^^^^^^
  File "/home/tzahi/repo/trade/src/main.py", line 114, in process_symbol_timeframe
    latest_timestamp = db.get_latest_timestamp(symbol, timeframe)
  File "/home/tzahi/repo/trade/src/db/local_db.py", line 83, in get_latest_timestamp
    cursor = self.conn.execute(query, (symbol, timeframe))
sqlite3.ProgrammingError: SQLite objects created in a thread can only be used in that same thread. The object was created in thread id 125956076908992 and this is thread id 125956045051584.
2026-06-04 21:46:10 [INFO] Fetching GBPUSD 15m
2026-06-04 21:46:10 [ERROR] Failed to fetch GBPUSD 15m: SQLite objects created in a thread can only be used in that same thread. The object was created in thread id 125956076908992 and this is thread id 125956045051584.
Traceback (most recent call last):
  File "/home/tzahi/repo/trade/src/main.py", line 149, in fetch_job
    process_symbol_timeframe(symbol, timeframe, fetcher, db, alert_manager)
    ~~~~~~~~~~~~~~~~~~~~~~~~^^^^^^^^^^^^^^^^^^^^^^^^^^^^^^^^^^^^^^^^^^^^^^^
  File "/home/tzahi/repo/trade/src/main.py", line 114, in process_symbol_timeframe
    latest_timestamp = db.get_latest_timestamp(symbol, timeframe)
  File "/home/tzahi/repo/trade/src/db/local_db.py", line 83, in get_latest_timestamp
    cursor = self.conn.execute(query, (symbol, timeframe))
sqlite3.ProgrammingError: SQLite objects created in a thread can only be used in that same thread. The object was created in thread id 125956076908992 and this is thread id 125956045051584.
2026-06-04 21:46:10 [INFO] Fetching USDJPY 15m
2026-06-04 21:46:10 [ERROR] Failed to fetch USDJPY 15m: SQLite objects created in a thread can only be used in that same thread. The object was created in thread id 125956076908992 and this is thread id 125956045051584.
Traceback (most recent call last):
  File "/home/tzahi/repo/trade/src/main.py", line 149, in fetch_job
    process_symbol_timeframe(symbol, timeframe, fetcher, db, alert_manager)
    ~~~~~~~~~~~~~~~~~~~~~~~~^^^^^^^^^^^^^^^^^^^^^^^^^^^^^^^^^^^^^^^^^^^^^^^
  File "/home/tzahi/repo/trade/src/main.py", line 114, in process_symbol_timeframe
    latest_timestamp = db.get_latest_timestamp(symbol, timeframe)
  File "/home/tzahi/repo/trade/src/db/local_db.py", line 83, in get_latest_timestamp
    cursor = self.conn.execute(query, (symbol, timeframe))
sqlite3.ProgrammingError: SQLite objects created in a thread can only be used in that same thread. The object was created in thread id 125956076908992 and this is thread id 125956045051584.
2026-06-04 21:46:10 [INFO] Job "fetch_job (trigger: cron[second='10'], next run at: 2026-06-04 21:47:10 IDT)" executed successfully
2026-06-04 21:47:10 [INFO] Running job "fetch_job (trigger: cron[second='10'], next run at: 2026-06-04 21:48:10 IDT)" (scheduled at 2026-06-04 21:47:10+03:00)
2026-06-04 21:47:10 [INFO] Job "fetch_job (trigger: cron[second='10'], next run at: 2026-06-04 21:48:10 IDT)" executed successfully
2026-06-04 21:48:10 [INFO] Running job "fetch_job (trigger: cron[second='10'], next run at: 2026-06-04 21:49:10 IDT)" (scheduled at 2026-06-04 21:48:10+03:00)
2026-06-04 21:48:10 [INFO] Job "fetch_job (trigger: cron[second='10'], next run at: 2026-06-04 21:49:10 IDT)" executed successfully
2026-06-04 21:48:30 [INFO] Running job "check_logs_job (trigger: interval[0:10:00], next run at: 2026-06-04 21:58:30 IDT)" (scheduled at 2026-06-04 21:48:30.150548+03:00)
2026-06-04 21:48:30 [WARNING] Log monitor detected issues but no notifier is configured.
2026-06-04 21:48:30 [INFO] Job "check_logs_job (trigger: interval[0:10:00], next run at: 2026-06-04 21:58:30 IDT)" executed successfully
2026-06-04 21:49:10 [INFO] Running job "fetch_job (trigger: cron[second='10'], next run at: 2026-06-04 21:50:10 IDT)" (scheduled at 2026-06-04 21:49:10+03:00)
2026-06-04 21:49:10 [INFO] Job "fetch_job (trigger: cron[second='10'], next run at: 2026-06-04 21:50:10 IDT)" executed successfully
2026-06-04 21:50:10 [INFO] Running job "fetch_job (trigger: cron[second='10'], next run at: 2026-06-04 21:51:10 IDT)" (scheduled at 2026-06-04 21:50:10+03:00)
2026-06-04 21:50:10 [INFO] Job "fetch_job (trigger: cron[second='10'], next run at: 2026-06-04 21:51:10 IDT)" executed successfully
2026-06-04 21:51:10 [INFO] Running job "fetch_job (trigger: cron[second='10'], next run at: 2026-06-04 21:52:10 IDT)" (scheduled at 2026-06-04 21:51:10+03:00)
2026-06-04 21:51:10 [INFO] Job "fetch_job (trigger: cron[second='10'], next run at: 2026-06-04 21:52:10 IDT)" executed successfully
2026-06-04 21:52:10 [INFO] Running job "fetch_job (trigger: cron[second='10'], next run at: 2026-06-04 21:53:10 IDT)" (scheduled at 2026-06-04 21:52:10+03:00)
2026-06-04 21:52:10 [INFO] Job "fetch_job (trigger: cron[second='10'], next run at: 2026-06-04 21:53:10 IDT)" executed successfully
2026-06-04 21:53:10 [INFO] Running job "fetch_job (trigger: cron[second='10'], next run at: 2026-06-04 21:54:10 IDT)" (scheduled at 2026-06-04 21:53:10+03:00)
2026-06-04 21:53:10 [INFO] Job "fetch_job (trigger: cron[second='10'], next run at: 2026-06-04 21:54:10 IDT)" executed successfully
2026-06-04 21:54:10 [INFO] Running job "fetch_job (trigger: cron[second='10'], next run at: 2026-06-04 21:55:10 IDT)" (scheduled at 2026-06-04 21:54:10+03:00)
2026-06-04 21:54:10 [INFO] Job "fetch_job (trigger: cron[second='10'], next run at: 2026-06-04 21:55:10 IDT)" executed successfully
2026-06-04 21:55:10 [INFO] Running job "fetch_job (trigger: cron[second='10'], next run at: 2026-06-04 21:56:10 IDT)" (scheduled at 2026-06-04 21:55:10+03:00)
2026-06-04 21:55:10 [INFO] Job "fetch_job (trigger: cron[second='10'], next run at: 2026-06-04 21:56:10 IDT)" executed successfully
2026-06-04 21:56:10 [INFO] Running job "fetch_job (trigger: cron[second='10'], next run at: 2026-06-04 21:57:10 IDT)" (scheduled at 2026-06-04 21:56:10+03:00)
2026-06-04 21:56:10 [INFO] Job "fetch_job (trigger: cron[second='10'], next run at: 2026-06-04 21:57:10 IDT)" executed successfully
2026-06-04 21:57:10 [INFO] Running job "fetch_job (trigger: cron[second='10'], next run at: 2026-06-04 21:58:10 IDT)" (scheduled at 2026-06-04 21:57:10+03:00)
2026-06-04 21:57:10 [INFO] Job "fetch_job (trigger: cron[second='10'], next run at: 2026-06-04 21:58:10 IDT)" executed successfully
2026-06-04 21:58:10 [INFO] Running job "fetch_job (trigger: cron[second='10'], next run at: 2026-06-04 21:59:10 IDT)" (scheduled at 2026-06-04 21:58:10+03:00)
2026-06-04 21:58:10 [INFO] Job "fetch_job (trigger: cron[second='10'], next run at: 2026-06-04 21:59:10 IDT)" executed successfully
2026-06-04 21:58:30 [INFO] Running job "check_logs_job (trigger: interval[0:10:00], next run at: 2026-06-04 22:08:30 IDT)" (scheduled at 2026-06-04 21:58:30.150548+03:00)
2026-06-04 21:58:30 [WARNING] Log monitor detected issues but no notifier is configured.
2026-06-04 21:58:30 [INFO] Job "check_logs_job (trigger: interval[0:10:00], next run at: 2026-06-04 22:08:30 IDT)" executed successfully
2026-06-04 21:59:10 [INFO] Running job "fetch_job (trigger: cron[second='10'], next run at: 2026-06-04 22:00:10 IDT)" (scheduled at 2026-06-04 21:59:10+03:00)
2026-06-04 21:59:10 [INFO] Job "fetch_job (trigger: cron[second='10'], next run at: 2026-06-04 22:00:10 IDT)" executed successfully
2026-06-04 22:00:10 [INFO] Running job "fetch_job (trigger: cron[second='10'], next run at: 2026-06-04 22:01:10 IDT)" (scheduled at 2026-06-04 22:00:10+03:00)
2026-06-04 22:00:10 [INFO] Job "fetch_job (trigger: cron[second='10'], next run at: 2026-06-04 22:01:10 IDT)" executed successfully
2026-06-04 22:01:10 [INFO] Running job "fetch_job (trigger: cron[second='10'], next run at: 2026-06-04 22:02:10 IDT)" (scheduled at 2026-06-04 22:01:10+03:00)
2026-06-04 22:01:10 [INFO] Running scheduled fetch for timeframes: 15m, 30m, 1h
2026-06-04 22:01:10 [INFO] Fetching EURUSD 15m
2026-06-04 22:01:10 [ERROR] Failed to fetch EURUSD 15m: SQLite objects created in a thread can only be used in that same thread. The object was created in thread id 125956076908992 and this is thread id 125956045051584.
Traceback (most recent call last):
  File "/home/tzahi/repo/trade/src/main.py", line 149, in fetch_job
    process_symbol_timeframe(symbol, timeframe, fetcher, db, alert_manager)
    ~~~~~~~~~~~~~~~~~~~~~~~~^^^^^^^^^^^^^^^^^^^^^^^^^^^^^^^^^^^^^^^^^^^^^^^
  File "/home/tzahi/repo/trade/src/main.py", line 114, in process_symbol_timeframe
    latest_timestamp = db.get_latest_timestamp(symbol, timeframe)
  File "/home/tzahi/repo/trade/src/db/local_db.py", line 83, in get_latest_timestamp
    cursor = self.conn.execute(query, (symbol, timeframe))
sqlite3.ProgrammingError: SQLite objects created in a thread can only be used in that same thread. The object was created in thread id 125956076908992 and this is thread id 125956045051584.
2026-06-04 22:01:10 [INFO] Fetching EURUSD 30m
2026-06-04 22:01:10 [ERROR] Failed to fetch EURUSD 30m: SQLite objects created in a thread can only be used in that same thread. The object was created in thread id 125956076908992 and this is thread id 125956045051584.
Traceback (most recent call last):
  File "/home/tzahi/repo/trade/src/main.py", line 149, in fetch_job
    process_symbol_timeframe(symbol, timeframe, fetcher, db, alert_manager)
    ~~~~~~~~~~~~~~~~~~~~~~~~^^^^^^^^^^^^^^^^^^^^^^^^^^^^^^^^^^^^^^^^^^^^^^^
  File "/home/tzahi/repo/trade/src/main.py", line 114, in process_symbol_timeframe
    latest_timestamp = db.get_latest_timestamp(symbol, timeframe)
  File "/home/tzahi/repo/trade/src/db/local_db.py", line 83, in get_latest_timestamp
    cursor = self.conn.execute(query, (symbol, timeframe))
sqlite3.ProgrammingError: SQLite objects created in a thread can only be used in that same thread. The object was created in thread id 125956076908992 and this is thread id 125956045051584.
2026-06-04 22:01:10 [INFO] Fetching EURUSD 1h
2026-06-04 22:01:10 [ERROR] Failed to fetch EURUSD 1h: SQLite objects created in a thread can only be used in that same thread. The object was created in thread id 125956076908992 and this is thread id 125956045051584.
Traceback (most recent call last):
  File "/home/tzahi/repo/trade/src/main.py", line 149, in fetch_job
    process_symbol_timeframe(symbol, timeframe, fetcher, db, alert_manager)
    ~~~~~~~~~~~~~~~~~~~~~~~~^^^^^^^^^^^^^^^^^^^^^^^^^^^^^^^^^^^^^^^^^^^^^^^
  File "/home/tzahi/repo/trade/src/main.py", line 114, in process_symbol_timeframe
    latest_timestamp = db.get_latest_timestamp(symbol, timeframe)
  File "/home/tzahi/repo/trade/src/db/local_db.py", line 83, in get_latest_timestamp
    cursor = self.conn.execute(query, (symbol, timeframe))
sqlite3.ProgrammingError: SQLite objects created in a thread can only be used in that same thread. The object was created in thread id 125956076908992 and this is thread id 125956045051584.
2026-06-04 22:01:10 [INFO] Fetching GBPUSD 15m
2026-06-04 22:01:10 [ERROR] Failed to fetch GBPUSD 15m: SQLite objects created in a thread can only be used in that same thread. The object was created in thread id 125956076908992 and this is thread id 125956045051584.
Traceback (most recent call last):
  File "/home/tzahi/repo/trade/src/main.py", line 149, in fetch_job
    process_symbol_timeframe(symbol, timeframe, fetcher, db, alert_manager)
    ~~~~~~~~~~~~~~~~~~~~~~~~^^^^^^^^^^^^^^^^^^^^^^^^^^^^^^^^^^^^^^^^^^^^^^^
  File "/home/tzahi/repo/trade/src/main.py", line 114, in process_symbol_timeframe
    latest_timestamp = db.get_latest_timestamp(symbol, timeframe)
  File "/home/tzahi/repo/trade/src/db/local_db.py", line 83, in get_latest_timestamp
    cursor = self.conn.execute(query, (symbol, timeframe))
sqlite3.ProgrammingError: SQLite objects created in a thread can only be used in that same thread. The object was created in thread id 125956076908992 and this is thread id 125956045051584.
2026-06-04 22:01:10 [INFO] Fetching GBPUSD 30m
2026-06-04 22:01:10 [ERROR] Failed to fetch GBPUSD 30m: SQLite objects created in a thread can only be used in that same thread. The object was created in thread id 125956076908992 and this is thread id 125956045051584.
Traceback (most recent call last):
  File "/home/tzahi/repo/trade/src/main.py", line 149, in fetch_job
    process_symbol_timeframe(symbol, timeframe, fetcher, db, alert_manager)
    ~~~~~~~~~~~~~~~~~~~~~~~~^^^^^^^^^^^^^^^^^^^^^^^^^^^^^^^^^^^^^^^^^^^^^^^
  File "/home/tzahi/repo/trade/src/main.py", line 114, in process_symbol_timeframe
    latest_timestamp = db.get_latest_timestamp(symbol, timeframe)
  File "/home/tzahi/repo/trade/src/db/local_db.py", line 83, in get_latest_timestamp
    cursor = self.conn.execute(query, (symbol, timeframe))
sqlite3.ProgrammingError: SQLite objects created in a thread can only be used in that same thread. The object was created in thread id 125956076908992 and this is thread id 125956045051584.
2026-06-04 22:01:10 [INFO] Fetching GBPUSD 1h
2026-06-04 22:01:10 [ERROR] Failed to fetch GBPUSD 1h: SQLite objects created in a thread can only be used in that same thread. The object was created in thread id 125956076908992 and this is thread id 125956045051584.
Traceback (most recent call last):
  File "/home/tzahi/repo/trade/src/main.py", line 149, in fetch_job
    process_symbol_timeframe(symbol, timeframe, fetcher, db, alert_manager)
    ~~~~~~~~~~~~~~~~~~~~~~~~^^^^^^^^^^^^^^^^^^^^^^^^^^^^^^^^^^^^^^^^^^^^^^^
  File "/home/tzahi/repo/trade/src/main.py", line 114, in process_symbol_timeframe
    latest_timestamp = db.get_latest_timestamp(symbol, timeframe)
  File "/home/tzahi/repo/trade/src/db/local_db.py", line 83, in get_latest_timestamp
    cursor = self.conn.execute(query, (symbol, timeframe))
sqlite3.ProgrammingError: SQLite objects created in a thread can only be used in that same thread. The object was created in thread id 125956076908992 and this is thread id 125956045051584.
2026-06-04 22:01:10 [INFO] Fetching USDJPY 15m
2026-06-04 22:01:10 [ERROR] Failed to fetch USDJPY 15m: SQLite objects created in a thread can only be used in that same thread. The object was created in thread id 125956076908992 and this is thread id 125956045051584.
Traceback (most recent call last):
  File "/home/tzahi/repo/trade/src/main.py", line 149, in fetch_job
    process_symbol_timeframe(symbol, timeframe, fetcher, db, alert_manager)
    ~~~~~~~~~~~~~~~~~~~~~~~~^^^^^^^^^^^^^^^^^^^^^^^^^^^^^^^^^^^^^^^^^^^^^^^
  File "/home/tzahi/repo/trade/src/main.py", line 114, in process_symbol_timeframe
    latest_timestamp = db.get_latest_timestamp(symbol, timeframe)
  File "/home/tzahi/repo/trade/src/db/local_db.py", line 83, in get_latest_timestamp
    cursor = self.conn.execute(query, (symbol, timeframe))
sqlite3.ProgrammingError: SQLite objects created in a thread can only be used in that same thread. The object was created in thread id 125956076908992 and this is thread id 125956045051584.
2026-06-04 22:01:10 [INFO] Fetching USDJPY 30m
2026-06-04 22:01:10 [ERROR] Failed to fetch USDJPY 30m: SQLite objects created in a thread can only be used in that same thread. The object was created in thread id 125956076908992 and this is thread id 125956045051584.
Traceback (most recent call last):
  File "/home/tzahi/repo/trade/src/main.py", line 149, in fetch_job
    process_symbol_timeframe(symbol, timeframe, fetcher, db, alert_manager)
    ~~~~~~~~~~~~~~~~~~~~~~~~^^^^^^^^^^^^^^^^^^^^^^^^^^^^^^^^^^^^^^^^^^^^^^^
  File "/home/tzahi/repo/trade/src/main.py", line 114, in process_symbol_timeframe
    latest_timestamp = db.get_latest_timestamp(symbol, timeframe)
  File "/home/tzahi/repo/trade/src/db/local_db.py", line 83, in get_latest_timestamp
    cursor = self.conn.execute(query, (symbol, timeframe))
sqlite3.ProgrammingError: SQLite objects created in a thread can only be used in that same thread. The object was created in thread id 125956076908992 and this is thread id 125956045051584.
2026-06-04 22:01:10 [INFO] Fetching USDJPY 1h
2026-06-04 22:01:10 [ERROR] Failed to fetch USDJPY 1h: SQLite objects created in a thread can only be used in that same thread. The object was created in thread id 125956076908992 and this is thread id 125956045051584.
Traceback (most recent call last):
  File "/home/tzahi/repo/trade/src/main.py", line 149, in fetch_job
    process_symbol_timeframe(symbol, timeframe, fetcher, db, alert_manager)
    ~~~~~~~~~~~~~~~~~~~~~~~~^^^^^^^^^^^^^^^^^^^^^^^^^^^^^^^^^^^^^^^^^^^^^^^
  File "/home/tzahi/repo/trade/src/main.py", line 114, in process_symbol_timeframe
    latest_timestamp = db.get_latest_timestamp(symbol, timeframe)
  File "/home/tzahi/repo/trade/src/db/local_db.py", line 83, in get_latest_timestamp
    cursor = self.conn.execute(query, (symbol, timeframe))
sqlite3.ProgrammingError: SQLite objects created in a thread can only be used in that same thread. The object was created in thread id 125956076908992 and this is thread id 125956045051584.
2026-06-04 22:01:10 [INFO] Job "fetch_job (trigger: cron[second='10'], next run at: 2026-06-04 22:02:10 IDT)" executed successfully
2026-06-04 22:02:10 [INFO] Running job "fetch_job (trigger: cron[second='10'], next run at: 2026-06-04 22:03:10 IDT)" (scheduled at 2026-06-04 22:02:10+03:00)
2026-06-04 22:02:10 [INFO] Job "fetch_job (trigger: cron[second='10'], next run at: 2026-06-04 22:03:10 IDT)" executed successfully
2026-06-04 22:03:10 [INFO] Running job "fetch_job (trigger: cron[second='10'], next run at: 2026-06-04 22:04:10 IDT)" (scheduled at 2026-06-04 22:03:10+03:00)
2026-06-04 22:03:10 [INFO] Job "fetch_job (trigger: cron[second='10'], next run at: 2026-06-04 22:04:10 IDT)" executed successfully
2026-06-04 22:04:10 [INFO] Running job "fetch_job (trigger: cron[second='10'], next run at: 2026-06-04 22:05:10 IDT)" (scheduled at 2026-06-04 22:04:10+03:00)
2026-06-04 22:04:10 [INFO] Job "fetch_job (trigger: cron[second='10'], next run at: 2026-06-04 22:05:10 IDT)" executed successfully
2026-06-04 22:05:10 [INFO] Running job "fetch_job (trigger: cron[second='10'], next run at: 2026-06-04 22:06:10 IDT)" (scheduled at 2026-06-04 22:05:10+03:00)
2026-06-04 22:05:10 [INFO] Job "fetch_job (trigger: cron[second='10'], next run at: 2026-06-04 22:06:10 IDT)" executed successfully
2026-06-04 22:06:10 [INFO] Running job "fetch_job (trigger: cron[second='10'], next run at: 2026-06-04 22:07:10 IDT)" (scheduled at 2026-06-04 22:06:10+03:00)
2026-06-04 22:06:10 [INFO] Job "fetch_job (trigger: cron[second='10'], next run at: 2026-06-04 22:07:10 IDT)" executed successfully
2026-06-04 22:07:10 [INFO] Running job "fetch_job (trigger: cron[second='10'], next run at: 2026-06-04 22:08:10 IDT)" (scheduled at 2026-06-04 22:07:10+03:00)
2026-06-04 22:07:10 [INFO] Job "fetch_job (trigger: cron[second='10'], next run at: 2026-06-04 22:08:10 IDT)" executed successfully
2026-06-04 22:08:10 [INFO] Running job "fetch_job (trigger: cron[second='10'], next run at: 2026-06-04 22:09:10 IDT)" (scheduled at 2026-06-04 22:08:10+03:00)
2026-06-04 22:08:10 [INFO] Job "fetch_job (trigger: cron[second='10'], next run at: 2026-06-04 22:09:10 IDT)" executed successfully
2026-06-04 22:08:30 [INFO] Running job "check_logs_job (trigger: interval[0:10:00], next run at: 2026-06-04 22:18:30 IDT)" (scheduled at 2026-06-04 22:08:30.150548+03:00)
2026-06-04 22:08:30 [WARNING] Log monitor detected issues but no notifier is configured.
2026-06-04 22:08:30 [INFO] Job "check_logs_job (trigger: interval[0:10:00], next run at: 2026-06-04 22:18:30 IDT)" executed successfully
2026-06-04 22:09:10 [INFO] Running job "fetch_job (trigger: cron[second='10'], next run at: 2026-06-04 22:10:10 IDT)" (scheduled at 2026-06-04 22:09:10+03:00)
2026-06-04 22:09:10 [INFO] Job "fetch_job (trigger: cron[second='10'], next run at: 2026-06-04 22:10:10 IDT)" executed successfully
2026-06-04 22:10:10 [INFO] Running job "fetch_job (trigger: cron[second='10'], next run at: 2026-06-04 22:11:10 IDT)" (scheduled at 2026-06-04 22:10:10+03:00)
2026-06-04 22:10:10 [INFO] Job "fetch_job (trigger: cron[second='10'], next run at: 2026-06-04 22:11:10 IDT)" executed successfully
2026-06-04 22:11:10 [INFO] Running job "fetch_job (trigger: cron[second='10'], next run at: 2026-06-04 22:12:10 IDT)" (scheduled at 2026-06-04 22:11:10+03:00)
2026-06-04 22:11:10 [INFO] Job "fetch_job (trigger: cron[second='10'], next run at: 2026-06-04 22:12:10 IDT)" executed successfully
2026-06-04 22:12:10 [INFO] Running job "fetch_job (trigger: cron[second='10'], next run at: 2026-06-04 22:13:10 IDT)" (scheduled at 2026-06-04 22:12:10+03:00)
2026-06-04 22:12:10 [INFO] Job "fetch_job (trigger: cron[second='10'], next run at: 2026-06-04 22:13:10 IDT)" executed successfully
2026-06-04 22:13:10 [INFO] Running job "fetch_job (trigger: cron[second='10'], next run at: 2026-06-04 22:14:10 IDT)" (scheduled at 2026-06-04 22:13:10+03:00)
2026-06-04 22:13:10 [INFO] Job "fetch_job (trigger: cron[second='10'], next run at: 2026-06-04 22:14:10 IDT)" executed successfully
2026-06-04 22:14:10 [INFO] Running job "fetch_job (trigger: cron[second='10'], next run at: 2026-06-04 22:15:10 IDT)" (scheduled at 2026-06-04 22:14:10+03:00)
2026-06-04 22:14:10 [INFO] Job "fetch_job (trigger: cron[second='10'], next run at: 2026-06-04 22:15:10 IDT)" executed successfully
2026-06-04 22:15:10 [INFO] Running job "fetch_job (trigger: cron[second='10'], next run at: 2026-06-04 22:16:10 IDT)" (scheduled at 2026-06-04 22:15:10+03:00)
2026-06-04 22:15:10 [INFO] Job "fetch_job (trigger: cron[second='10'], next run at: 2026-06-04 22:16:10 IDT)" executed successfully
2026-06-04 22:16:10 [INFO] Running job "fetch_job (trigger: cron[second='10'], next run at: 2026-06-04 22:17:10 IDT)" (scheduled at 2026-06-04 22:16:10+03:00)
2026-06-04 22:16:10 [INFO] Running scheduled fetch for timeframes: 15m
2026-06-04 22:16:10 [INFO] Fetching EURUSD 15m
2026-06-04 22:16:10 [ERROR] Failed to fetch EURUSD 15m: SQLite objects created in a thread can only be used in that same thread. The object was created in thread id 125956076908992 and this is thread id 125956045051584.
Traceback (most recent call last):
  File "/home/tzahi/repo/trade/src/main.py", line 149, in fetch_job
    process_symbol_timeframe(symbol, timeframe, fetcher, db, alert_manager)
    ~~~~~~~~~~~~~~~~~~~~~~~~^^^^^^^^^^^^^^^^^^^^^^^^^^^^^^^^^^^^^^^^^^^^^^^
  File "/home/tzahi/repo/trade/src/main.py", line 114, in process_symbol_timeframe
    latest_timestamp = db.get_latest_timestamp(symbol, timeframe)
  File "/home/tzahi/repo/trade/src/db/local_db.py", line 83, in get_latest_timestamp
    cursor = self.conn.execute(query, (symbol, timeframe))
sqlite3.ProgrammingError: SQLite objects created in a thread can only be used in that same thread. The object was created in thread id 125956076908992 and this is thread id 125956045051584.
2026-06-04 22:16:10 [INFO] Fetching GBPUSD 15m
2026-06-04 22:16:10 [ERROR] Failed to fetch GBPUSD 15m: SQLite objects created in a thread can only be used in that same thread. The object was created in thread id 125956076908992 and this is thread id 125956045051584.
Traceback (most recent call last):
  File "/home/tzahi/repo/trade/src/main.py", line 149, in fetch_job
    process_symbol_timeframe(symbol, timeframe, fetcher, db, alert_manager)
    ~~~~~~~~~~~~~~~~~~~~~~~~^^^^^^^^^^^^^^^^^^^^^^^^^^^^^^^^^^^^^^^^^^^^^^^
  File "/home/tzahi/repo/trade/src/main.py", line 114, in process_symbol_timeframe
    latest_timestamp = db.get_latest_timestamp(symbol, timeframe)
  File "/home/tzahi/repo/trade/src/db/local_db.py", line 83, in get_latest_timestamp
    cursor = self.conn.execute(query, (symbol, timeframe))
sqlite3.ProgrammingError: SQLite objects created in a thread can only be used in that same thread. The object was created in thread id 125956076908992 and this is thread id 125956045051584.
2026-06-04 22:16:10 [INFO] Fetching USDJPY 15m
2026-06-04 22:16:10 [ERROR] Failed to fetch USDJPY 15m: SQLite objects created in a thread can only be used in that same thread. The object was created in thread id 125956076908992 and this is thread id 125956045051584.
Traceback (most recent call last):
  File "/home/tzahi/repo/trade/src/main.py", line 149, in fetch_job
    process_symbol_timeframe(symbol, timeframe, fetcher, db, alert_manager)
    ~~~~~~~~~~~~~~~~~~~~~~~~^^^^^^^^^^^^^^^^^^^^^^^^^^^^^^^^^^^^^^^^^^^^^^^
  File "/home/tzahi/repo/trade/src/main.py", line 114, in process_symbol_timeframe
    latest_timestamp = db.get_latest_timestamp(symbol, timeframe)
  File "/home/tzahi/repo/trade/src/db/local_db.py", line 83, in get_latest_timestamp
    cursor = self.conn.execute(query, (symbol, timeframe))
sqlite3.ProgrammingError: SQLite objects created in a thread can only be used in that same thread. The object was created in thread id 125956076908992 and this is thread id 125956045051584.
2026-06-04 22:16:10 [INFO] Job "fetch_job (trigger: cron[second='10'], next run at: 2026-06-04 22:17:10 IDT)" executed successfully
2026-06-04 22:17:10 [INFO] Running job "fetch_job (trigger: cron[second='10'], next run at: 2026-06-04 22:18:10 IDT)" (scheduled at 2026-06-04 22:17:10+03:00)
2026-06-04 22:17:10 [INFO] Job "fetch_job (trigger: cron[second='10'], next run at: 2026-06-04 22:18:10 IDT)" executed successfully
2026-06-04 22:18:10 [INFO] Running job "fetch_job (trigger: cron[second='10'], next run at: 2026-06-04 22:19:10 IDT)" (scheduled at 2026-06-04 22:18:10+03:00)
2026-06-04 22:18:10 [INFO] Job "fetch_job (trigger: cron[second='10'], next run at: 2026-06-04 22:19:10 IDT)" executed successfully
2026-06-04 22:18:30 [INFO] Running job "check_logs_job (trigger: interval[0:10:00], next run at: 2026-06-04 22:28:30 IDT)" (scheduled at 2026-06-04 22:18:30.150548+03:00)
2026-06-04 22:18:30 [WARNING] Log monitor detected issues but no notifier is configured.
2026-06-04 22:18:30 [INFO] Job "check_logs_job (trigger: interval[0:10:00], next run at: 2026-06-04 22:28:30 IDT)" executed successfully
2026-06-04 22:19:10 [INFO] Running job "fetch_job (trigger: cron[second='10'], next run at: 2026-06-04 22:20:10 IDT)" (scheduled at 2026-06-04 22:19:10+03:00)
2026-06-04 22:19:10 [INFO] Job "fetch_job (trigger: cron[second='10'], next run at: 2026-06-04 22:20:10 IDT)" executed successfully
2026-06-04 22:20:10 [INFO] Running job "fetch_job (trigger: cron[second='10'], next run at: 2026-06-04 22:21:10 IDT)" (scheduled at 2026-06-04 22:20:10+03:00)
2026-06-04 22:20:10 [INFO] Job "fetch_job (trigger: cron[second='10'], next run at: 2026-06-04 22:21:10 IDT)" executed successfully
2026-06-04 22:21:10 [INFO] Running job "fetch_job (trigger: cron[second='10'], next run at: 2026-06-04 22:22:10 IDT)" (scheduled at 2026-06-04 22:21:10+03:00)
2026-06-04 22:21:10 [INFO] Job "fetch_job (trigger: cron[second='10'], next run at: 2026-06-04 22:22:10 IDT)" executed successfully
2026-06-04 22:22:10 [INFO] Running job "fetch_job (trigger: cron[second='10'], next run at: 2026-06-04 22:23:10 IDT)" (scheduled at 2026-06-04 22:22:10+03:00)
2026-06-04 22:22:10 [INFO] Job "fetch_job (trigger: cron[second='10'], next run at: 2026-06-04 22:23:10 IDT)" executed successfully
2026-06-04 22:23:10 [INFO] Running job "fetch_job (trigger: cron[second='10'], next run at: 2026-06-04 22:24:10 IDT)" (scheduled at 2026-06-04 22:23:10+03:00)
2026-06-04 22:23:10 [INFO] Job "fetch_job (trigger: cron[second='10'], next run at: 2026-06-04 22:24:10 IDT)" executed successfully
2026-06-04 22:24:10 [INFO] Running job "fetch_job (trigger: cron[second='10'], next run at: 2026-06-04 22:25:10 IDT)" (scheduled at 2026-06-04 22:24:10+03:00)
2026-06-04 22:24:10 [INFO] Job "fetch_job (trigger: cron[second='10'], next run at: 2026-06-04 22:25:10 IDT)" executed successfully
2026-06-04 22:25:10 [INFO] Running job "fetch_job (trigger: cron[second='10'], next run at: 2026-06-04 22:26:10 IDT)" (scheduled at 2026-06-04 22:25:10+03:00)
2026-06-04 22:25:10 [INFO] Job "fetch_job (trigger: cron[second='10'], next run at: 2026-06-04 22:26:10 IDT)" executed successfully
2026-06-04 22:26:10 [INFO] Running job "fetch_job (trigger: cron[second='10'], next run at: 2026-06-04 22:27:10 IDT)" (scheduled at 2026-06-04 22:26:10+03:00)
2026-06-04 22:26:10 [INFO] Job "fetch_job (trigger: cron[second='10'], next run at: 2026-06-04 22:27:10 IDT)" executed successfully
2026-06-04 22:27:10 [INFO] Running job "fetch_job (trigger: cron[second='10'], next run at: 2026-06-04 22:28:10 IDT)" (scheduled at 2026-06-04 22:27:10+03:00)
2026-06-04 22:27:10 [INFO] Job "fetch_job (trigger: cron[second='10'], next run at: 2026-06-04 22:28:10 IDT)" executed successfully
2026-06-04 22:28:10 [INFO] Running job "fetch_job (trigger: cron[second='10'], next run at: 2026-06-04 22:29:10 IDT)" (scheduled at 2026-06-04 22:28:10+03:00)
2026-06-04 22:28:10 [INFO] Job "fetch_job (trigger: cron[second='10'], next run at: 2026-06-04 22:29:10 IDT)" executed successfully
2026-06-04 22:28:30 [INFO] Running job "check_logs_job (trigger: interval[0:10:00], next run at: 2026-06-04 22:38:30 IDT)" (scheduled at 2026-06-04 22:28:30.150548+03:00)
2026-06-04 22:28:30 [WARNING] Log monitor detected issues but no notifier is configured.
2026-06-04 22:28:30 [INFO] Job "check_logs_job (trigger: interval[0:10:00], next run at: 2026-06-04 22:38:30 IDT)" executed successfully
2026-06-04 22:29:10 [INFO] Running job "fetch_job (trigger: cron[second='10'], next run at: 2026-06-04 22:30:10 IDT)" (scheduled at 2026-06-04 22:29:10+03:00)
2026-06-04 22:29:10 [INFO] Job "fetch_job (trigger: cron[second='10'], next run at: 2026-06-04 22:30:10 IDT)" executed successfully
2026-06-04 22:30:10 [INFO] Running job "fetch_job (trigger: cron[second='10'], next run at: 2026-06-04 22:31:10 IDT)" (scheduled at 2026-06-04 22:30:10+03:00)
2026-06-04 22:30:10 [INFO] Job "fetch_job (trigger: cron[second='10'], next run at: 2026-06-04 22:31:10 IDT)" executed successfully
2026-06-04 22:31:10 [INFO] Running job "fetch_job (trigger: cron[second='10'], next run at: 2026-06-04 22:32:10 IDT)" (scheduled at 2026-06-04 22:31:10+03:00)
2026-06-04 22:31:10 [INFO] Running scheduled fetch for timeframes: 15m, 30m
2026-06-04 22:31:10 [INFO] Fetching EURUSD 15m
2026-06-04 22:31:10 [ERROR] Failed to fetch EURUSD 15m: SQLite objects created in a thread can only be used in that same thread. The object was created in thread id 125956076908992 and this is thread id 125956045051584.
Traceback (most recent call last):
  File "/home/tzahi/repo/trade/src/main.py", line 149, in fetch_job
    process_symbol_timeframe(symbol, timeframe, fetcher, db, alert_manager)
    ~~~~~~~~~~~~~~~~~~~~~~~~^^^^^^^^^^^^^^^^^^^^^^^^^^^^^^^^^^^^^^^^^^^^^^^
  File "/home/tzahi/repo/trade/src/main.py", line 114, in process_symbol_timeframe
    latest_timestamp = db.get_latest_timestamp(symbol, timeframe)
  File "/home/tzahi/repo/trade/src/db/local_db.py", line 83, in get_latest_timestamp
    cursor = self.conn.execute(query, (symbol, timeframe))
sqlite3.ProgrammingError: SQLite objects created in a thread can only be used in that same thread. The object was created in thread id 125956076908992 and this is thread id 125956045051584.
2026-06-04 22:31:10 [INFO] Fetching EURUSD 30m
2026-06-04 22:31:10 [ERROR] Failed to fetch EURUSD 30m: SQLite objects created in a thread can only be used in that same thread. The object was created in thread id 125956076908992 and this is thread id 125956045051584.
Traceback (most recent call last):
  File "/home/tzahi/repo/trade/src/main.py", line 149, in fetch_job
    process_symbol_timeframe(symbol, timeframe, fetcher, db, alert_manager)
    ~~~~~~~~~~~~~~~~~~~~~~~~^^^^^^^^^^^^^^^^^^^^^^^^^^^^^^^^^^^^^^^^^^^^^^^
  File "/home/tzahi/repo/trade/src/main.py", line 114, in process_symbol_timeframe
    latest_timestamp = db.get_latest_timestamp(symbol, timeframe)
  File "/home/tzahi/repo/trade/src/db/local_db.py", line 83, in get_latest_timestamp
    cursor = self.conn.execute(query, (symbol, timeframe))
sqlite3.ProgrammingError: SQLite objects created in a thread can only be used in that same thread. The object was created in thread id 125956076908992 and this is thread id 125956045051584.
2026-06-04 22:31:10 [INFO] Fetching GBPUSD 15m
2026-06-04 22:31:10 [ERROR] Failed to fetch GBPUSD 15m: SQLite objects created in a thread can only be used in that same thread. The object was created in thread id 125956076908992 and this is thread id 125956045051584.
Traceback (most recent call last):
  File "/home/tzahi/repo/trade/src/main.py", line 149, in fetch_job
    process_symbol_timeframe(symbol, timeframe, fetcher, db, alert_manager)
    ~~~~~~~~~~~~~~~~~~~~~~~~^^^^^^^^^^^^^^^^^^^^^^^^^^^^^^^^^^^^^^^^^^^^^^^
  File "/home/tzahi/repo/trade/src/main.py", line 114, in process_symbol_timeframe
    latest_timestamp = db.get_latest_timestamp(symbol, timeframe)
  File "/home/tzahi/repo/trade/src/db/local_db.py", line 83, in get_latest_timestamp
    cursor = self.conn.execute(query, (symbol, timeframe))
sqlite3.ProgrammingError: SQLite objects created in a thread can only be used in that same thread. The object was created in thread id 125956076908992 and this is thread id 125956045051584.
2026-06-04 22:31:10 [INFO] Fetching GBPUSD 30m
2026-06-04 22:31:10 [ERROR] Failed to fetch GBPUSD 30m: SQLite objects created in a thread can only be used in that same thread. The object was created in thread id 125956076908992 and this is thread id 125956045051584.
Traceback (most recent call last):
  File "/home/tzahi/repo/trade/src/main.py", line 149, in fetch_job
    process_symbol_timeframe(symbol, timeframe, fetcher, db, alert_manager)
    ~~~~~~~~~~~~~~~~~~~~~~~~^^^^^^^^^^^^^^^^^^^^^^^^^^^^^^^^^^^^^^^^^^^^^^^
  File "/home/tzahi/repo/trade/src/main.py", line 114, in process_symbol_timeframe
    latest_timestamp = db.get_latest_timestamp(symbol, timeframe)
  File "/home/tzahi/repo/trade/src/db/local_db.py", line 83, in get_latest_timestamp
    cursor = self.conn.execute(query, (symbol, timeframe))
sqlite3.ProgrammingError: SQLite objects created in a thread can only be used in that same thread. The object was created in thread id 125956076908992 and this is thread id 125956045051584.
2026-06-04 22:31:10 [INFO] Fetching USDJPY 15m
2026-06-04 22:31:10 [ERROR] Failed to fetch USDJPY 15m: SQLite objects created in a thread can only be used in that same thread. The object was created in thread id 125956076908992 and this is thread id 125956045051584.
Traceback (most recent call last):
  File "/home/tzahi/repo/trade/src/main.py", line 149, in fetch_job
    process_symbol_timeframe(symbol, timeframe, fetcher, db, alert_manager)
    ~~~~~~~~~~~~~~~~~~~~~~~~^^^^^^^^^^^^^^^^^^^^^^^^^^^^^^^^^^^^^^^^^^^^^^^
  File "/home/tzahi/repo/trade/src/main.py", line 114, in process_symbol_timeframe
    latest_timestamp = db.get_latest_timestamp(symbol, timeframe)
  File "/home/tzahi/repo/trade/src/db/local_db.py", line 83, in get_latest_timestamp
    cursor = self.conn.execute(query, (symbol, timeframe))
sqlite3.ProgrammingError: SQLite objects created in a thread can only be used in that same thread. The object was created in thread id 125956076908992 and this is thread id 125956045051584.
2026-06-04 22:31:10 [INFO] Fetching USDJPY 30m
2026-06-04 22:31:10 [ERROR] Failed to fetch USDJPY 30m: SQLite objects created in a thread can only be used in that same thread. The object was created in thread id 125956076908992 and this is thread id 125956045051584.
Traceback (most recent call last):
  File "/home/tzahi/repo/trade/src/main.py", line 149, in fetch_job
    process_symbol_timeframe(symbol, timeframe, fetcher, db, alert_manager)
    ~~~~~~~~~~~~~~~~~~~~~~~~^^^^^^^^^^^^^^^^^^^^^^^^^^^^^^^^^^^^^^^^^^^^^^^
  File "/home/tzahi/repo/trade/src/main.py", line 114, in process_symbol_timeframe
    latest_timestamp = db.get_latest_timestamp(symbol, timeframe)
  File "/home/tzahi/repo/trade/src/db/local_db.py", line 83, in get_latest_timestamp
    cursor = self.conn.execute(query, (symbol, timeframe))
sqlite3.ProgrammingError: SQLite objects created in a thread can only be used in that same thread. The object was created in thread id 125956076908992 and this is thread id 125956045051584.
2026-06-04 22:31:10 [INFO] Job "fetch_job (trigger: cron[second='10'], next run at: 2026-06-04 22:32:10 IDT)" executed successfully
2026-06-04 22:32:10 [INFO] Running job "fetch_job (trigger: cron[second='10'], next run at: 2026-06-04 22:33:10 IDT)" (scheduled at 2026-06-04 22:32:10+03:00)
2026-06-04 22:32:10 [INFO] Job "fetch_job (trigger: cron[second='10'], next run at: 2026-06-04 22:33:10 IDT)" executed successfully
2026-06-04 22:33:10 [INFO] Running job "fetch_job (trigger: cron[second='10'], next run at: 2026-06-04 22:34:10 IDT)" (scheduled at 2026-06-04 22:33:10+03:00)
2026-06-04 22:33:10 [INFO] Job "fetch_job (trigger: cron[second='10'], next run at: 2026-06-04 22:34:10 IDT)" executed successfully
2026-06-04 22:34:10 [INFO] Running job "fetch_job (trigger: cron[second='10'], next run at: 2026-06-04 22:35:10 IDT)" (scheduled at 2026-06-04 22:34:10+03:00)
2026-06-04 22:34:10 [INFO] Job "fetch_job (trigger: cron[second='10'], next run at: 2026-06-04 22:35:10 IDT)" executed successfully
2026-06-04 22:35:10 [INFO] Running job "fetch_job (trigger: cron[second='10'], next run at: 2026-06-04 22:36:10 IDT)" (scheduled at 2026-06-04 22:35:10+03:00)
2026-06-04 22:35:10 [INFO] Job "fetch_job (trigger: cron[second='10'], next run at: 2026-06-04 22:36:10 IDT)" executed successfully
2026-06-04 22:36:10 [INFO] Running job "fetch_job (trigger: cron[second='10'], next run at: 2026-06-04 22:37:10 IDT)" (scheduled at 2026-06-04 22:36:10+03:00)
2026-06-04 22:36:10 [INFO] Job "fetch_job (trigger: cron[second='10'], next run at: 2026-06-04 22:37:10 IDT)" executed successfully
2026-06-04 22:37:10 [INFO] Running job "fetch_job (trigger: cron[second='10'], next run at: 2026-06-04 22:38:10 IDT)" (scheduled at 2026-06-04 22:37:10+03:00)
2026-06-04 22:37:10 [INFO] Job "fetch_job (trigger: cron[second='10'], next run at: 2026-06-04 22:38:10 IDT)" executed successfully
2026-06-04 22:38:10 [INFO] Running job "fetch_job (trigger: cron[second='10'], next run at: 2026-06-04 22:39:10 IDT)" (scheduled at 2026-06-04 22:38:10+03:00)
2026-06-04 22:38:10 [INFO] Job "fetch_job (trigger: cron[second='10'], next run at: 2026-06-04 22:39:10 IDT)" executed successfully
2026-06-04 22:38:30 [INFO] Running job "check_logs_job (trigger: interval[0:10:00], next run at: 2026-06-04 22:48:30 IDT)" (scheduled at 2026-06-04 22:38:30.150548+03:00)
2026-06-04 22:38:30 [WARNING] Log monitor detected issues but no notifier is configured.
2026-06-04 22:38:30 [INFO] Job "check_logs_job (trigger: interval[0:10:00], next run at: 2026-06-04 22:48:30 IDT)" executed successfully
2026-06-04 22:39:10 [INFO] Running job "fetch_job (trigger: cron[second='10'], next run at: 2026-06-04 22:40:10 IDT)" (scheduled at 2026-06-04 22:39:10+03:00)
2026-06-04 22:39:10 [INFO] Job "fetch_job (trigger: cron[second='10'], next run at: 2026-06-04 22:40:10 IDT)" executed successfully
2026-06-04 22:40:10 [INFO] Running job "fetch_job (trigger: cron[second='10'], next run at: 2026-06-04 22:41:10 IDT)" (scheduled at 2026-06-04 22:40:10+03:00)
2026-06-04 22:40:10 [INFO] Job "fetch_job (trigger: cron[second='10'], next run at: 2026-06-04 22:41:10 IDT)" executed successfully
2026-06-04 22:41:10 [INFO] Running job "fetch_job (trigger: cron[second='10'], next run at: 2026-06-04 22:42:10 IDT)" (scheduled at 2026-06-04 22:41:10+03:00)
2026-06-04 22:41:10 [INFO] Job "fetch_job (trigger: cron[second='10'], next run at: 2026-06-04 22:42:10 IDT)" executed successfully
2026-06-04 22:42:10 [INFO] Running job "fetch_job (trigger: cron[second='10'], next run at: 2026-06-04 22:43:10 IDT)" (scheduled at 2026-06-04 22:42:10+03:00)
2026-06-04 22:42:10 [INFO] Job "fetch_job (trigger: cron[second='10'], next run at: 2026-06-04 22:43:10 IDT)" executed successfully
2026-06-04 22:43:10 [INFO] Running job "fetch_job (trigger: cron[second='10'], next run at: 2026-06-04 22:44:10 IDT)" (scheduled at 2026-06-04 22:43:10+03:00)
2026-06-04 22:43:10 [INFO] Job "fetch_job (trigger: cron[second='10'], next run at: 2026-06-04 22:44:10 IDT)" executed successfully
2026-06-04 22:44:10 [INFO] Running job "fetch_job (trigger: cron[second='10'], next run at: 2026-06-04 22:45:10 IDT)" (scheduled at 2026-06-04 22:44:10+03:00)
2026-06-04 22:44:10 [INFO] Job "fetch_job (trigger: cron[second='10'], next run at: 2026-06-04 22:45:10 IDT)" executed successfully
2026-06-04 22:45:10 [INFO] Running job "fetch_job (trigger: cron[second='10'], next run at: 2026-06-04 22:46:10 IDT)" (scheduled at 2026-06-04 22:45:10+03:00)
2026-06-04 22:45:10 [INFO] Job "fetch_job (trigger: cron[second='10'], next run at: 2026-06-04 22:46:10 IDT)" executed successfully
2026-06-04 22:46:10 [INFO] Running job "fetch_job (trigger: cron[second='10'], next run at: 2026-06-04 22:47:10 IDT)" (scheduled at 2026-06-04 22:46:10+03:00)
2026-06-04 22:46:10 [INFO] Running scheduled fetch for timeframes: 15m
2026-06-04 22:46:10 [INFO] Fetching EURUSD 15m
2026-06-04 22:46:10 [ERROR] Failed to fetch EURUSD 15m: SQLite objects created in a thread can only be used in that same thread. The object was created in thread id 125956076908992 and this is thread id 125956045051584.
Traceback (most recent call last):
  File "/home/tzahi/repo/trade/src/main.py", line 149, in fetch_job
    process_symbol_timeframe(symbol, timeframe, fetcher, db, alert_manager)
    ~~~~~~~~~~~~~~~~~~~~~~~~^^^^^^^^^^^^^^^^^^^^^^^^^^^^^^^^^^^^^^^^^^^^^^^
  File "/home/tzahi/repo/trade/src/main.py", line 114, in process_symbol_timeframe
    latest_timestamp = db.get_latest_timestamp(symbol, timeframe)
  File "/home/tzahi/repo/trade/src/db/local_db.py", line 83, in get_latest_timestamp
    cursor = self.conn.execute(query, (symbol, timeframe))
sqlite3.ProgrammingError: SQLite objects created in a thread can only be used in that same thread. The object was created in thread id 125956076908992 and this is thread id 125956045051584.
2026-06-04 22:46:10 [INFO] Fetching GBPUSD 15m
2026-06-04 22:46:10 [ERROR] Failed to fetch GBPUSD 15m: SQLite objects created in a thread can only be used in that same thread. The object was created in thread id 125956076908992 and this is thread id 125956045051584.
Traceback (most recent call last):
  File "/home/tzahi/repo/trade/src/main.py", line 149, in fetch_job
    process_symbol_timeframe(symbol, timeframe, fetcher, db, alert_manager)
    ~~~~~~~~~~~~~~~~~~~~~~~~^^^^^^^^^^^^^^^^^^^^^^^^^^^^^^^^^^^^^^^^^^^^^^^
  File "/home/tzahi/repo/trade/src/main.py", line 114, in process_symbol_timeframe
    latest_timestamp = db.get_latest_timestamp(symbol, timeframe)
  File "/home/tzahi/repo/trade/src/db/local_db.py", line 83, in get_latest_timestamp
    cursor = self.conn.execute(query, (symbol, timeframe))
sqlite3.ProgrammingError: SQLite objects created in a thread can only be used in that same thread. The object was created in thread id 125956076908992 and this is thread id 125956045051584.
2026-06-04 22:46:10 [INFO] Fetching USDJPY 15m
2026-06-04 22:46:10 [ERROR] Failed to fetch USDJPY 15m: SQLite objects created in a thread can only be used in that same thread. The object was created in thread id 125956076908992 and this is thread id 125956045051584.
Traceback (most recent call last):
  File "/home/tzahi/repo/trade/src/main.py", line 149, in fetch_job
    process_symbol_timeframe(symbol, timeframe, fetcher, db, alert_manager)
    ~~~~~~~~~~~~~~~~~~~~~~~~^^^^^^^^^^^^^^^^^^^^^^^^^^^^^^^^^^^^^^^^^^^^^^^
  File "/home/tzahi/repo/trade/src/main.py", line 114, in process_symbol_timeframe
    latest_timestamp = db.get_latest_timestamp(symbol, timeframe)
  File "/home/tzahi/repo/trade/src/db/local_db.py", line 83, in get_latest_timestamp
    cursor = self.conn.execute(query, (symbol, timeframe))
sqlite3.ProgrammingError: SQLite objects created in a thread can only be used in that same thread. The object was created in thread id 125956076908992 and this is thread id 125956045051584.
2026-06-04 22:46:10 [INFO] Job "fetch_job (trigger: cron[second='10'], next run at: 2026-06-04 22:47:10 IDT)" executed successfully
2026-06-04 22:47:10 [INFO] Running job "fetch_job (trigger: cron[second='10'], next run at: 2026-06-04 22:48:10 IDT)" (scheduled at 2026-06-04 22:47:10+03:00)
2026-06-04 22:47:10 [INFO] Job "fetch_job (trigger: cron[second='10'], next run at: 2026-06-04 22:48:10 IDT)" executed successfully
2026-06-04 22:48:10 [INFO] Running job "fetch_job (trigger: cron[second='10'], next run at: 2026-06-04 22:49:10 IDT)" (scheduled at 2026-06-04 22:48:10+03:00)
2026-06-04 22:48:10 [INFO] Job "fetch_job (trigger: cron[second='10'], next run at: 2026-06-04 22:49:10 IDT)" executed successfully
2026-06-04 22:48:30 [INFO] Running job "check_logs_job (trigger: interval[0:10:00], next run at: 2026-06-04 22:58:30 IDT)" (scheduled at 2026-06-04 22:48:30.150548+03:00)
2026-06-04 22:48:30 [WARNING] Log monitor detected issues but no notifier is configured.
2026-06-04 22:48:30 [INFO] Job "check_logs_job (trigger: interval[0:10:00], next run at: 2026-06-04 22:58:30 IDT)" executed successfully
2026-06-04 22:49:10 [INFO] Running job "fetch_job (trigger: cron[second='10'], next run at: 2026-06-04 22:50:10 IDT)" (scheduled at 2026-06-04 22:49:10+03:00)
2026-06-04 22:49:10 [INFO] Job "fetch_job (trigger: cron[second='10'], next run at: 2026-06-04 22:50:10 IDT)" executed successfully
2026-06-04 22:50:10 [INFO] Running job "fetch_job (trigger: cron[second='10'], next run at: 2026-06-04 22:51:10 IDT)" (scheduled at 2026-06-04 22:50:10+03:00)
2026-06-04 22:50:10 [INFO] Job "fetch_job (trigger: cron[second='10'], next run at: 2026-06-04 22:51:10 IDT)" executed successfully
2026-06-04 22:51:10 [INFO] Running job "fetch_job (trigger: cron[second='10'], next run at: 2026-06-04 22:52:10 IDT)" (scheduled at 2026-06-04 22:51:10+03:00)
2026-06-04 22:51:10 [INFO] Job "fetch_job (trigger: cron[second='10'], next run at: 2026-06-04 22:52:10 IDT)" executed successfully
2026-06-04 22:52:10 [INFO] Running job "fetch_job (trigger: cron[second='10'], next run at: 2026-06-04 22:53:10 IDT)" (scheduled at 2026-06-04 22:52:10+03:00)
2026-06-04 22:52:10 [INFO] Job "fetch_job (trigger: cron[second='10'], next run at: 2026-06-04 22:53:10 IDT)" executed successfully
2026-06-04 22:53:10 [INFO] Running job "fetch_job (trigger: cron[second='10'], next run at: 2026-06-04 22:54:10 IDT)" (scheduled at 2026-06-04 22:53:10+03:00)
2026-06-04 22:53:10 [INFO] Job "fetch_job (trigger: cron[second='10'], next run at: 2026-06-04 22:54:10 IDT)" executed successfully
2026-06-04 22:54:10 [INFO] Running job "fetch_job (trigger: cron[second='10'], next run at: 2026-06-04 22:55:10 IDT)" (scheduled at 2026-06-04 22:54:10+03:00)
2026-06-04 22:54:10 [INFO] Job "fetch_job (trigger: cron[second='10'], next run at: 2026-06-04 22:55:10 IDT)" executed successfully
2026-06-04 22:55:10 [INFO] Running job "fetch_job (trigger: cron[second='10'], next run at: 2026-06-04 22:56:10 IDT)" (scheduled at 2026-06-04 22:55:10+03:00)
2026-06-04 22:55:10 [INFO] Job "fetch_job (trigger: cron[second='10'], next run at: 2026-06-04 22:56:10 IDT)" executed successfully
2026-06-04 22:56:10 [INFO] Running job "fetch_job (trigger: cron[second='10'], next run at: 2026-06-04 22:57:10 IDT)" (scheduled at 2026-06-04 22:56:10+03:00)
2026-06-04 22:56:10 [INFO] Job "fetch_job (trigger: cron[second='10'], next run at: 2026-06-04 22:57:10 IDT)" executed successfully
2026-06-04 22:57:10 [INFO] Running job "fetch_job (trigger: cron[second='10'], next run at: 2026-06-04 22:58:10 IDT)" (scheduled at 2026-06-04 22:57:10+03:00)
2026-06-04 22:57:10 [INFO] Job "fetch_job (trigger: cron[second='10'], next run at: 2026-06-04 22:58:10 IDT)" executed successfully
2026-06-04 22:58:10 [INFO] Running job "fetch_job (trigger: cron[second='10'], next run at: 2026-06-04 22:59:10 IDT)" (scheduled at 2026-06-04 22:58:10+03:00)
2026-06-04 22:58:10 [INFO] Job "fetch_job (trigger: cron[second='10'], next run at: 2026-06-04 22:59:10 IDT)" executed successfully
2026-06-04 22:58:30 [INFO] Running job "check_logs_job (trigger: interval[0:10:00], next run at: 2026-06-04 23:08:30 IDT)" (scheduled at 2026-06-04 22:58:30.150548+03:00)
2026-06-04 22:58:30 [WARNING] Log monitor detected issues but no notifier is configured.
2026-06-04 22:58:30 [INFO] Job "check_logs_job (trigger: interval[0:10:00], next run at: 2026-06-04 23:08:30 IDT)" executed successfully
2026-06-04 22:59:10 [INFO] Running job "fetch_job (trigger: cron[second='10'], next run at: 2026-06-04 23:00:10 IDT)" (scheduled at 2026-06-04 22:59:10+03:00)
2026-06-04 22:59:10 [INFO] Job "fetch_job (trigger: cron[second='10'], next run at: 2026-06-04 23:00:10 IDT)" executed successfully
2026-06-04 23:00:10 [INFO] Running job "fetch_job (trigger: cron[second='10'], next run at: 2026-06-04 23:01:10 IDT)" (scheduled at 2026-06-04 23:00:10+03:00)
2026-06-04 23:00:10 [INFO] Job "fetch_job (trigger: cron[second='10'], next run at: 2026-06-04 23:01:10 IDT)" executed successfully
2026-06-04 23:01:10 [INFO] Running job "fetch_job (trigger: cron[second='10'], next run at: 2026-06-04 23:02:10 IDT)" (scheduled at 2026-06-04 23:01:10+03:00)
2026-06-04 23:01:10 [INFO] Running scheduled fetch for timeframes: 15m, 30m, 1h, 4h
2026-06-04 23:01:10 [INFO] Fetching EURUSD 15m
2026-06-04 23:01:10 [ERROR] Failed to fetch EURUSD 15m: SQLite objects created in a thread can only be used in that same thread. The object was created in thread id 125956076908992 and this is thread id 125956045051584.
Traceback (most recent call last):
  File "/home/tzahi/repo/trade/src/main.py", line 149, in fetch_job
    process_symbol_timeframe(symbol, timeframe, fetcher, db, alert_manager)
    ~~~~~~~~~~~~~~~~~~~~~~~~^^^^^^^^^^^^^^^^^^^^^^^^^^^^^^^^^^^^^^^^^^^^^^^
  File "/home/tzahi/repo/trade/src/main.py", line 114, in process_symbol_timeframe
    latest_timestamp = db.get_latest_timestamp(symbol, timeframe)
  File "/home/tzahi/repo/trade/src/db/local_db.py", line 83, in get_latest_timestamp
    cursor = self.conn.execute(query, (symbol, timeframe))
sqlite3.ProgrammingError: SQLite objects created in a thread can only be used in that same thread. The object was created in thread id 125956076908992 and this is thread id 125956045051584.
2026-06-04 23:01:10 [INFO] Fetching EURUSD 30m
2026-06-04 23:01:10 [ERROR] Failed to fetch EURUSD 30m: SQLite objects created in a thread can only be used in that same thread. The object was created in thread id 125956076908992 and this is thread id 125956045051584.
Traceback (most recent call last):
  File "/home/tzahi/repo/trade/src/main.py", line 149, in fetch_job
    process_symbol_timeframe(symbol, timeframe, fetcher, db, alert_manager)
    ~~~~~~~~~~~~~~~~~~~~~~~~^^^^^^^^^^^^^^^^^^^^^^^^^^^^^^^^^^^^^^^^^^^^^^^
  File "/home/tzahi/repo/trade/src/main.py", line 114, in process_symbol_timeframe
    latest_timestamp = db.get_latest_timestamp(symbol, timeframe)
  File "/home/tzahi/repo/trade/src/db/local_db.py", line 83, in get_latest_timestamp
    cursor = self.conn.execute(query, (symbol, timeframe))
sqlite3.ProgrammingError: SQLite objects created in a thread can only be used in that same thread. The object was created in thread id 125956076908992 and this is thread id 125956045051584.
2026-06-04 23:01:10 [INFO] Fetching EURUSD 1h
2026-06-04 23:01:10 [ERROR] Failed to fetch EURUSD 1h: SQLite objects created in a thread can only be used in that same thread. The object was created in thread id 125956076908992 and this is thread id 125956045051584.
Traceback (most recent call last):
  File "/home/tzahi/repo/trade/src/main.py", line 149, in fetch_job
    process_symbol_timeframe(symbol, timeframe, fetcher, db, alert_manager)
    ~~~~~~~~~~~~~~~~~~~~~~~~^^^^^^^^^^^^^^^^^^^^^^^^^^^^^^^^^^^^^^^^^^^^^^^
  File "/home/tzahi/repo/trade/src/main.py", line 114, in process_symbol_timeframe
    latest_timestamp = db.get_latest_timestamp(symbol, timeframe)
  File "/home/tzahi/repo/trade/src/db/local_db.py", line 83, in get_latest_timestamp
    cursor = self.conn.execute(query, (symbol, timeframe))
sqlite3.ProgrammingError: SQLite objects created in a thread can only be used in that same thread. The object was created in thread id 125956076908992 and this is thread id 125956045051584.
2026-06-04 23:01:10 [INFO] Fetching EURUSD 4h
2026-06-04 23:01:10 [ERROR] Failed to fetch EURUSD 4h: SQLite objects created in a thread can only be used in that same thread. The object was created in thread id 125956076908992 and this is thread id 125956045051584.
Traceback (most recent call last):
  File "/home/tzahi/repo/trade/src/main.py", line 149, in fetch_job
    process_symbol_timeframe(symbol, timeframe, fetcher, db, alert_manager)
    ~~~~~~~~~~~~~~~~~~~~~~~~^^^^^^^^^^^^^^^^^^^^^^^^^^^^^^^^^^^^^^^^^^^^^^^
  File "/home/tzahi/repo/trade/src/main.py", line 114, in process_symbol_timeframe
    latest_timestamp = db.get_latest_timestamp(symbol, timeframe)
  File "/home/tzahi/repo/trade/src/db/local_db.py", line 83, in get_latest_timestamp
    cursor = self.conn.execute(query, (symbol, timeframe))
sqlite3.ProgrammingError: SQLite objects created in a thread can only be used in that same thread. The object was created in thread id 125956076908992 and this is thread id 125956045051584.
2026-06-04 23:01:10 [INFO] Fetching GBPUSD 15m
2026-06-04 23:01:10 [ERROR] Failed to fetch GBPUSD 15m: SQLite objects created in a thread can only be used in that same thread. The object was created in thread id 125956076908992 and this is thread id 125956045051584.
Traceback (most recent call last):
  File "/home/tzahi/repo/trade/src/main.py", line 149, in fetch_job
    process_symbol_timeframe(symbol, timeframe, fetcher, db, alert_manager)
    ~~~~~~~~~~~~~~~~~~~~~~~~^^^^^^^^^^^^^^^^^^^^^^^^^^^^^^^^^^^^^^^^^^^^^^^
  File "/home/tzahi/repo/trade/src/main.py", line 114, in process_symbol_timeframe
    latest_timestamp = db.get_latest_timestamp(symbol, timeframe)
  File "/home/tzahi/repo/trade/src/db/local_db.py", line 83, in get_latest_timestamp
    cursor = self.conn.execute(query, (symbol, timeframe))
sqlite3.ProgrammingError: SQLite objects created in a thread can only be used in that same thread. The object was created in thread id 125956076908992 and this is thread id 125956045051584.
2026-06-04 23:01:10 [INFO] Fetching GBPUSD 30m
2026-06-04 23:01:10 [ERROR] Failed to fetch GBPUSD 30m: SQLite objects created in a thread can only be used in that same thread. The object was created in thread id 125956076908992 and this is thread id 125956045051584.
Traceback (most recent call last):
  File "/home/tzahi/repo/trade/src/main.py", line 149, in fetch_job
    process_symbol_timeframe(symbol, timeframe, fetcher, db, alert_manager)
    ~~~~~~~~~~~~~~~~~~~~~~~~^^^^^^^^^^^^^^^^^^^^^^^^^^^^^^^^^^^^^^^^^^^^^^^
  File "/home/tzahi/repo/trade/src/main.py", line 114, in process_symbol_timeframe
    latest_timestamp = db.get_latest_timestamp(symbol, timeframe)
  File "/home/tzahi/repo/trade/src/db/local_db.py", line 83, in get_latest_timestamp
    cursor = self.conn.execute(query, (symbol, timeframe))
sqlite3.ProgrammingError: SQLite objects created in a thread can only be used in that same thread. The object was created in thread id 125956076908992 and this is thread id 125956045051584.
2026-06-04 23:01:10 [INFO] Fetching GBPUSD 1h
2026-06-04 23:01:10 [ERROR] Failed to fetch GBPUSD 1h: SQLite objects created in a thread can only be used in that same thread. The object was created in thread id 125956076908992 and this is thread id 125956045051584.
Traceback (most recent call last):
  File "/home/tzahi/repo/trade/src/main.py", line 149, in fetch_job
    process_symbol_timeframe(symbol, timeframe, fetcher, db, alert_manager)
    ~~~~~~~~~~~~~~~~~~~~~~~~^^^^^^^^^^^^^^^^^^^^^^^^^^^^^^^^^^^^^^^^^^^^^^^
  File "/home/tzahi/repo/trade/src/main.py", line 114, in process_symbol_timeframe
    latest_timestamp = db.get_latest_timestamp(symbol, timeframe)
  File "/home/tzahi/repo/trade/src/db/local_db.py", line 83, in get_latest_timestamp
    cursor = self.conn.execute(query, (symbol, timeframe))
sqlite3.ProgrammingError: SQLite objects created in a thread can only be used in that same thread. The object was created in thread id 125956076908992 and this is thread id 125956045051584.
2026-06-04 23:01:10 [INFO] Fetching GBPUSD 4h
2026-06-04 23:01:10 [ERROR] Failed to fetch GBPUSD 4h: SQLite objects created in a thread can only be used in that same thread. The object was created in thread id 125956076908992 and this is thread id 125956045051584.
Traceback (most recent call last):
  File "/home/tzahi/repo/trade/src/main.py", line 149, in fetch_job
    process_symbol_timeframe(symbol, timeframe, fetcher, db, alert_manager)
    ~~~~~~~~~~~~~~~~~~~~~~~~^^^^^^^^^^^^^^^^^^^^^^^^^^^^^^^^^^^^^^^^^^^^^^^
  File "/home/tzahi/repo/trade/src/main.py", line 114, in process_symbol_timeframe
    latest_timestamp = db.get_latest_timestamp(symbol, timeframe)
  File "/home/tzahi/repo/trade/src/db/local_db.py", line 83, in get_latest_timestamp
    cursor = self.conn.execute(query, (symbol, timeframe))
sqlite3.ProgrammingError: SQLite objects created in a thread can only be used in that same thread. The object was created in thread id 125956076908992 and this is thread id 125956045051584.
2026-06-04 23:01:10 [INFO] Fetching USDJPY 15m
2026-06-04 23:01:10 [ERROR] Failed to fetch USDJPY 15m: SQLite objects created in a thread can only be used in that same thread. The object was created in thread id 125956076908992 and this is thread id 125956045051584.
Traceback (most recent call last):
  File "/home/tzahi/repo/trade/src/main.py", line 149, in fetch_job
    process_symbol_timeframe(symbol, timeframe, fetcher, db, alert_manager)
    ~~~~~~~~~~~~~~~~~~~~~~~~^^^^^^^^^^^^^^^^^^^^^^^^^^^^^^^^^^^^^^^^^^^^^^^
  File "/home/tzahi/repo/trade/src/main.py", line 114, in process_symbol_timeframe
    latest_timestamp = db.get_latest_timestamp(symbol, timeframe)
  File "/home/tzahi/repo/trade/src/db/local_db.py", line 83, in get_latest_timestamp
    cursor = self.conn.execute(query, (symbol, timeframe))
sqlite3.ProgrammingError: SQLite objects created in a thread can only be used in that same thread. The object was created in thread id 125956076908992 and this is thread id 125956045051584.
2026-06-04 23:01:10 [INFO] Fetching USDJPY 30m
2026-06-04 23:01:10 [ERROR] Failed to fetch USDJPY 30m: SQLite objects created in a thread can only be used in that same thread. The object was created in thread id 125956076908992 and this is thread id 125956045051584.
Traceback (most recent call last):
  File "/home/tzahi/repo/trade/src/main.py", line 149, in fetch_job
    process_symbol_timeframe(symbol, timeframe, fetcher, db, alert_manager)
    ~~~~~~~~~~~~~~~~~~~~~~~~^^^^^^^^^^^^^^^^^^^^^^^^^^^^^^^^^^^^^^^^^^^^^^^
  File "/home/tzahi/repo/trade/src/main.py", line 114, in process_symbol_timeframe
    latest_timestamp = db.get_latest_timestamp(symbol, timeframe)
  File "/home/tzahi/repo/trade/src/db/local_db.py", line 83, in get_latest_timestamp
    cursor = self.conn.execute(query, (symbol, timeframe))
sqlite3.ProgrammingError: SQLite objects created in a thread can only be used in that same thread. The object was created in thread id 125956076908992 and this is thread id 125956045051584.
2026-06-04 23:01:10 [INFO] Fetching USDJPY 1h
2026-06-04 23:01:10 [ERROR] Failed to fetch USDJPY 1h: SQLite objects created in a thread can only be used in that same thread. The object was created in thread id 125956076908992 and this is thread id 125956045051584.
Traceback (most recent call last):
  File "/home/tzahi/repo/trade/src/main.py", line 149, in fetch_job
    process_symbol_timeframe(symbol, timeframe, fetcher, db, alert_manager)
    ~~~~~~~~~~~~~~~~~~~~~~~~^^^^^^^^^^^^^^^^^^^^^^^^^^^^^^^^^^^^^^^^^^^^^^^
  File "/home/tzahi/repo/trade/src/main.py", line 114, in process_symbol_timeframe
    latest_timestamp = db.get_latest_timestamp(symbol, timeframe)
  File "/home/tzahi/repo/trade/src/db/local_db.py", line 83, in get_latest_timestamp
    cursor = self.conn.execute(query, (symbol, timeframe))
sqlite3.ProgrammingError: SQLite objects created in a thread can only be used in that same thread. The object was created in thread id 125956076908992 and this is thread id 125956045051584.
2026-06-04 23:01:10 [INFO] Fetching USDJPY 4h
2026-06-04 23:01:10 [ERROR] Failed to fetch USDJPY 4h: SQLite objects created in a thread can only be used in that same thread. The object was created in thread id 125956076908992 and this is thread id 125956045051584.
Traceback (most recent call last):
  File "/home/tzahi/repo/trade/src/main.py", line 149, in fetch_job
    process_symbol_timeframe(symbol, timeframe, fetcher, db, alert_manager)
    ~~~~~~~~~~~~~~~~~~~~~~~~^^^^^^^^^^^^^^^^^^^^^^^^^^^^^^^^^^^^^^^^^^^^^^^
  File "/home/tzahi/repo/trade/src/main.py", line 114, in process_symbol_timeframe
    latest_timestamp = db.get_latest_timestamp(symbol, timeframe)
  File "/home/tzahi/repo/trade/src/db/local_db.py", line 83, in get_latest_timestamp
    cursor = self.conn.execute(query, (symbol, timeframe))
sqlite3.ProgrammingError: SQLite objects created in a thread can only be used in that same thread. The object was created in thread id 125956076908992 and this is thread id 125956045051584.
2026-06-04 23:01:10 [INFO] Job "fetch_job (trigger: cron[second='10'], next run at: 2026-06-04 23:02:10 IDT)" executed successfully
2026-06-04 23:02:10 [INFO] Running job "fetch_job (trigger: cron[second='10'], next run at: 2026-06-04 23:03:10 IDT)" (scheduled at 2026-06-04 23:02:10+03:00)
2026-06-04 23:02:10 [INFO] Job "fetch_job (trigger: cron[second='10'], next run at: 2026-06-04 23:03:10 IDT)" executed successfully
2026-06-04 23:03:10 [INFO] Running job "fetch_job (trigger: cron[second='10'], next run at: 2026-06-04 23:04:10 IDT)" (scheduled at 2026-06-04 23:03:10+03:00)
2026-06-04 23:03:10 [INFO] Job "fetch_job (trigger: cron[second='10'], next run at: 2026-06-04 23:04:10 IDT)" executed successfully
2026-06-04 23:04:10 [INFO] Running job "fetch_job (trigger: cron[second='10'], next run at: 2026-06-04 23:05:10 IDT)" (scheduled at 2026-06-04 23:04:10+03:00)
2026-06-04 23:04:10 [INFO] Job "fetch_job (trigger: cron[second='10'], next run at: 2026-06-04 23:05:10 IDT)" executed successfully
2026-06-04 23:05:10 [INFO] Running job "fetch_job (trigger: cron[second='10'], next run at: 2026-06-04 23:06:10 IDT)" (scheduled at 2026-06-04 23:05:10+03:00)
2026-06-04 23:05:10 [INFO] Job "fetch_job (trigger: cron[second='10'], next run at: 2026-06-04 23:06:10 IDT)" executed successfully
2026-06-04 23:06:10 [INFO] Running job "fetch_job (trigger: cron[second='10'], next run at: 2026-06-04 23:07:10 IDT)" (scheduled at 2026-06-04 23:06:10+03:00)
2026-06-04 23:06:10 [INFO] Job "fetch_job (trigger: cron[second='10'], next run at: 2026-06-04 23:07:10 IDT)" executed successfully
2026-06-04 23:07:10 [INFO] Running job "fetch_job (trigger: cron[second='10'], next run at: 2026-06-04 23:08:10 IDT)" (scheduled at 2026-06-04 23:07:10+03:00)
2026-06-04 23:07:10 [INFO] Job "fetch_job (trigger: cron[second='10'], next run at: 2026-06-04 23:08:10 IDT)" executed successfully
2026-06-04 23:08:10 [INFO] Running job "fetch_job (trigger: cron[second='10'], next run at: 2026-06-04 23:09:10 IDT)" (scheduled at 2026-06-04 23:08:10+03:00)
2026-06-04 23:08:10 [INFO] Job "fetch_job (trigger: cron[second='10'], next run at: 2026-06-04 23:09:10 IDT)" executed successfully
2026-06-04 23:08:30 [INFO] Running job "check_logs_job (trigger: interval[0:10:00], next run at: 2026-06-04 23:18:30 IDT)" (scheduled at 2026-06-04 23:08:30.150548+03:00)
2026-06-04 23:08:30 [WARNING] Log monitor detected issues but no notifier is configured.
2026-06-04 23:08:30 [INFO] Job "check_logs_job (trigger: interval[0:10:00], next run at: 2026-06-04 23:18:30 IDT)" executed successfully
2026-06-04 23:09:10 [INFO] Running job "fetch_job (trigger: cron[second='10'], next run at: 2026-06-04 23:10:10 IDT)" (scheduled at 2026-06-04 23:09:10+03:00)
2026-06-04 23:09:10 [INFO] Job "fetch_job (trigger: cron[second='10'], next run at: 2026-06-04 23:10:10 IDT)" executed successfully
2026-06-04 23:10:10 [INFO] Running job "fetch_job (trigger: cron[second='10'], next run at: 2026-06-04 23:11:10 IDT)" (scheduled at 2026-06-04 23:10:10+03:00)
2026-06-04 23:10:10 [INFO] Job "fetch_job (trigger: cron[second='10'], next run at: 2026-06-04 23:11:10 IDT)" executed successfully
2026-06-04 23:11:10 [INFO] Running job "fetch_job (trigger: cron[second='10'], next run at: 2026-06-04 23:12:10 IDT)" (scheduled at 2026-06-04 23:11:10+03:00)
2026-06-04 23:11:10 [INFO] Job "fetch_job (trigger: cron[second='10'], next run at: 2026-06-04 23:12:10 IDT)" executed successfully
2026-06-04 23:12:10 [INFO] Running job "fetch_job (trigger: cron[second='10'], next run at: 2026-06-04 23:13:10 IDT)" (scheduled at 2026-06-04 23:12:10+03:00)
2026-06-04 23:12:10 [INFO] Job "fetch_job (trigger: cron[second='10'], next run at: 2026-06-04 23:13:10 IDT)" executed successfully
2026-06-04 23:13:10 [INFO] Running job "fetch_job (trigger: cron[second='10'], next run at: 2026-06-04 23:14:10 IDT)" (scheduled at 2026-06-04 23:13:10+03:00)
2026-06-04 23:13:10 [INFO] Job "fetch_job (trigger: cron[second='10'], next run at: 2026-06-04 23:14:10 IDT)" executed successfully
2026-06-04 23:14:10 [INFO] Running job "fetch_job (trigger: cron[second='10'], next run at: 2026-06-04 23:15:10 IDT)" (scheduled at 2026-06-04 23:14:10+03:00)
2026-06-04 23:14:10 [INFO] Job "fetch_job (trigger: cron[second='10'], next run at: 2026-06-04 23:15:10 IDT)" executed successfully
2026-06-04 23:15:10 [INFO] Running job "fetch_job (trigger: cron[second='10'], next run at: 2026-06-04 23:16:10 IDT)" (scheduled at 2026-06-04 23:15:10+03:00)
2026-06-04 23:15:10 [INFO] Job "fetch_job (trigger: cron[second='10'], next run at: 2026-06-04 23:16:10 IDT)" executed successfully
2026-06-04 23:16:10 [INFO] Running job "fetch_job (trigger: cron[second='10'], next run at: 2026-06-04 23:17:10 IDT)" (scheduled at 2026-06-04 23:16:10+03:00)
2026-06-04 23:16:10 [INFO] Running scheduled fetch for timeframes: 15m
2026-06-04 23:16:10 [INFO] Fetching EURUSD 15m
2026-06-04 23:16:10 [ERROR] Failed to fetch EURUSD 15m: SQLite objects created in a thread can only be used in that same thread. The object was created in thread id 125956076908992 and this is thread id 125956045051584.
Traceback (most recent call last):
  File "/home/tzahi/repo/trade/src/main.py", line 149, in fetch_job
    process_symbol_timeframe(symbol, timeframe, fetcher, db, alert_manager)
    ~~~~~~~~~~~~~~~~~~~~~~~~^^^^^^^^^^^^^^^^^^^^^^^^^^^^^^^^^^^^^^^^^^^^^^^
  File "/home/tzahi/repo/trade/src/main.py", line 114, in process_symbol_timeframe
    latest_timestamp = db.get_latest_timestamp(symbol, timeframe)
  File "/home/tzahi/repo/trade/src/db/local_db.py", line 83, in get_latest_timestamp
    cursor = self.conn.execute(query, (symbol, timeframe))
sqlite3.ProgrammingError: SQLite objects created in a thread can only be used in that same thread. The object was created in thread id 125956076908992 and this is thread id 125956045051584.
2026-06-04 23:16:10 [INFO] Fetching GBPUSD 15m
2026-06-04 23:16:10 [ERROR] Failed to fetch GBPUSD 15m: SQLite objects created in a thread can only be used in that same thread. The object was created in thread id 125956076908992 and this is thread id 125956045051584.
Traceback (most recent call last):
  File "/home/tzahi/repo/trade/src/main.py", line 149, in fetch_job
    process_symbol_timeframe(symbol, timeframe, fetcher, db, alert_manager)
    ~~~~~~~~~~~~~~~~~~~~~~~~^^^^^^^^^^^^^^^^^^^^^^^^^^^^^^^^^^^^^^^^^^^^^^^
  File "/home/tzahi/repo/trade/src/main.py", line 114, in process_symbol_timeframe
    latest_timestamp = db.get_latest_timestamp(symbol, timeframe)
  File "/home/tzahi/repo/trade/src/db/local_db.py", line 83, in get_latest_timestamp
    cursor = self.conn.execute(query, (symbol, timeframe))
sqlite3.ProgrammingError: SQLite objects created in a thread can only be used in that same thread. The object was created in thread id 125956076908992 and this is thread id 125956045051584.
2026-06-04 23:16:10 [INFO] Fetching USDJPY 15m
2026-06-04 23:16:10 [ERROR] Failed to fetch USDJPY 15m: SQLite objects created in a thread can only be used in that same thread. The object was created in thread id 125956076908992 and this is thread id 125956045051584.
Traceback (most recent call last):
  File "/home/tzahi/repo/trade/src/main.py", line 149, in fetch_job
    process_symbol_timeframe(symbol, timeframe, fetcher, db, alert_manager)
    ~~~~~~~~~~~~~~~~~~~~~~~~^^^^^^^^^^^^^^^^^^^^^^^^^^^^^^^^^^^^^^^^^^^^^^^
  File "/home/tzahi/repo/trade/src/main.py", line 114, in process_symbol_timeframe
    latest_timestamp = db.get_latest_timestamp(symbol, timeframe)
  File "/home/tzahi/repo/trade/src/db/local_db.py", line 83, in get_latest_timestamp
    cursor = self.conn.execute(query, (symbol, timeframe))
sqlite3.ProgrammingError: SQLite objects created in a thread can only be used in that same thread. The object was created in thread id 125956076908992 and this is thread id 125956045051584.
2026-06-04 23:16:10 [INFO] Job "fetch_job (trigger: cron[second='10'], next run at: 2026-06-04 23:17:10 IDT)" executed successfully
2026-06-04 23:17:10 [INFO] Running job "fetch_job (trigger: cron[second='10'], next run at: 2026-06-04 23:18:10 IDT)" (scheduled at 2026-06-04 23:17:10+03:00)
2026-06-04 23:17:10 [INFO] Job "fetch_job (trigger: cron[second='10'], next run at: 2026-06-04 23:18:10 IDT)" executed successfully
2026-06-04 23:18:10 [INFO] Running job "fetch_job (trigger: cron[second='10'], next run at: 2026-06-04 23:19:10 IDT)" (scheduled at 2026-06-04 23:18:10+03:00)
2026-06-04 23:18:10 [INFO] Job "fetch_job (trigger: cron[second='10'], next run at: 2026-06-04 23:19:10 IDT)" executed successfully
2026-06-04 23:18:30 [INFO] Running job "check_logs_job (trigger: interval[0:10:00], next run at: 2026-06-04 23:28:30 IDT)" (scheduled at 2026-06-04 23:18:30.150548+03:00)
2026-06-04 23:18:30 [WARNING] Log monitor detected issues but no notifier is configured.
2026-06-04 23:18:30 [INFO] Job "check_logs_job (trigger: interval[0:10:00], next run at: 2026-06-04 23:28:30 IDT)" executed successfully
2026-06-04 23:19:10 [INFO] Running job "fetch_job (trigger: cron[second='10'], next run at: 2026-06-04 23:20:10 IDT)" (scheduled at 2026-06-04 23:19:10+03:00)
2026-06-04 23:19:10 [INFO] Job "fetch_job (trigger: cron[second='10'], next run at: 2026-06-04 23:20:10 IDT)" executed successfully
2026-06-04 23:20:10 [INFO] Running job "fetch_job (trigger: cron[second='10'], next run at: 2026-06-04 23:21:10 IDT)" (scheduled at 2026-06-04 23:20:10+03:00)
2026-06-04 23:20:10 [INFO] Job "fetch_job (trigger: cron[second='10'], next run at: 2026-06-04 23:21:10 IDT)" executed successfully
2026-06-04 23:21:10 [INFO] Running job "fetch_job (trigger: cron[second='10'], next run at: 2026-06-04 23:22:10 IDT)" (scheduled at 2026-06-04 23:21:10+03:00)
2026-06-04 23:21:10 [INFO] Job "fetch_job (trigger: cron[second='10'], next run at: 2026-06-04 23:22:10 IDT)" executed successfully
2026-06-04 23:22:10 [INFO] Running job "fetch_job (trigger: cron[second='10'], next run at: 2026-06-04 23:23:10 IDT)" (scheduled at 2026-06-04 23:22:10+03:00)
2026-06-04 23:22:10 [INFO] Job "fetch_job (trigger: cron[second='10'], next run at: 2026-06-04 23:23:10 IDT)" executed successfully
2026-06-04 23:23:10 [INFO] Running job "fetch_job (trigger: cron[second='10'], next run at: 2026-06-04 23:24:10 IDT)" (scheduled at 2026-06-04 23:23:10+03:00)
2026-06-04 23:23:10 [INFO] Job "fetch_job (trigger: cron[second='10'], next run at: 2026-06-04 23:24:10 IDT)" executed successfully
2026-06-04 23:24:10 [INFO] Running job "fetch_job (trigger: cron[second='10'], next run at: 2026-06-04 23:25:10 IDT)" (scheduled at 2026-06-04 23:24:10+03:00)
2026-06-04 23:24:10 [INFO] Job "fetch_job (trigger: cron[second='10'], next run at: 2026-06-04 23:25:10 IDT)" executed successfully
2026-06-04 23:25:10 [INFO] Running job "fetch_job (trigger: cron[second='10'], next run at: 2026-06-04 23:26:10 IDT)" (scheduled at 2026-06-04 23:25:10+03:00)
2026-06-04 23:25:10 [INFO] Job "fetch_job (trigger: cron[second='10'], next run at: 2026-06-04 23:26:10 IDT)" executed successfully
2026-06-04 23:26:10 [INFO] Running job "fetch_job (trigger: cron[second='10'], next run at: 2026-06-04 23:27:10 IDT)" (scheduled at 2026-06-04 23:26:10+03:00)
2026-06-04 23:26:10 [INFO] Job "fetch_job (trigger: cron[second='10'], next run at: 2026-06-04 23:27:10 IDT)" executed successfully
2026-06-04 23:27:10 [INFO] Running job "fetch_job (trigger: cron[second='10'], next run at: 2026-06-04 23:28:10 IDT)" (scheduled at 2026-06-04 23:27:10+03:00)
2026-06-04 23:27:10 [INFO] Job "fetch_job (trigger: cron[second='10'], next run at: 2026-06-04 23:28:10 IDT)" executed successfully
2026-06-04 23:28:10 [INFO] Running job "fetch_job (trigger: cron[second='10'], next run at: 2026-06-04 23:29:10 IDT)" (scheduled at 2026-06-04 23:28:10+03:00)
2026-06-04 23:28:10 [INFO] Job "fetch_job (trigger: cron[second='10'], next run at: 2026-06-04 23:29:10 IDT)" executed successfully
2026-06-04 23:28:30 [INFO] Running job "check_logs_job (trigger: interval[0:10:00], next run at: 2026-06-04 23:38:30 IDT)" (scheduled at 2026-06-04 23:28:30.150548+03:00)
2026-06-04 23:28:30 [WARNING] Log monitor detected issues but no notifier is configured.
2026-06-04 23:28:30 [INFO] Job "check_logs_job (trigger: interval[0:10:00], next run at: 2026-06-04 23:38:30 IDT)" executed successfully
2026-06-04 23:29:10 [INFO] Running job "fetch_job (trigger: cron[second='10'], next run at: 2026-06-04 23:30:10 IDT)" (scheduled at 2026-06-04 23:29:10+03:00)
2026-06-04 23:29:10 [INFO] Job "fetch_job (trigger: cron[second='10'], next run at: 2026-06-04 23:30:10 IDT)" executed successfully
2026-06-04 23:30:10 [INFO] Running job "fetch_job (trigger: cron[second='10'], next run at: 2026-06-04 23:31:10 IDT)" (scheduled at 2026-06-04 23:30:10+03:00)
2026-06-04 23:30:10 [INFO] Job "fetch_job (trigger: cron[second='10'], next run at: 2026-06-04 23:31:10 IDT)" executed successfully
2026-06-04 23:31:10 [INFO] Running job "fetch_job (trigger: cron[second='10'], next run at: 2026-06-04 23:32:10 IDT)" (scheduled at 2026-06-04 23:31:10+03:00)
2026-06-04 23:31:10 [INFO] Running scheduled fetch for timeframes: 15m, 30m
2026-06-04 23:31:10 [INFO] Fetching EURUSD 15m
2026-06-04 23:31:10 [ERROR] Failed to fetch EURUSD 15m: SQLite objects created in a thread can only be used in that same thread. The object was created in thread id 125956076908992 and this is thread id 125956045051584.
Traceback (most recent call last):
  File "/home/tzahi/repo/trade/src/main.py", line 149, in fetch_job
    process_symbol_timeframe(symbol, timeframe, fetcher, db, alert_manager)
    ~~~~~~~~~~~~~~~~~~~~~~~~^^^^^^^^^^^^^^^^^^^^^^^^^^^^^^^^^^^^^^^^^^^^^^^
  File "/home/tzahi/repo/trade/src/main.py", line 114, in process_symbol_timeframe
    latest_timestamp = db.get_latest_timestamp(symbol, timeframe)
  File "/home/tzahi/repo/trade/src/db/local_db.py", line 83, in get_latest_timestamp
    cursor = self.conn.execute(query, (symbol, timeframe))
sqlite3.ProgrammingError: SQLite objects created in a thread can only be used in that same thread. The object was created in thread id 125956076908992 and this is thread id 125956045051584.
2026-06-04 23:31:10 [INFO] Fetching EURUSD 30m
2026-06-04 23:31:10 [ERROR] Failed to fetch EURUSD 30m: SQLite objects created in a thread can only be used in that same thread. The object was created in thread id 125956076908992 and this is thread id 125956045051584.
Traceback (most recent call last):
  File "/home/tzahi/repo/trade/src/main.py", line 149, in fetch_job
    process_symbol_timeframe(symbol, timeframe, fetcher, db, alert_manager)
    ~~~~~~~~~~~~~~~~~~~~~~~~^^^^^^^^^^^^^^^^^^^^^^^^^^^^^^^^^^^^^^^^^^^^^^^
  File "/home/tzahi/repo/trade/src/main.py", line 114, in process_symbol_timeframe
    latest_timestamp = db.get_latest_timestamp(symbol, timeframe)
  File "/home/tzahi/repo/trade/src/db/local_db.py", line 83, in get_latest_timestamp
    cursor = self.conn.execute(query, (symbol, timeframe))
sqlite3.ProgrammingError: SQLite objects created in a thread can only be used in that same thread. The object was created in thread id 125956076908992 and this is thread id 125956045051584.
2026-06-04 23:31:10 [INFO] Fetching GBPUSD 15m
2026-06-04 23:31:10 [ERROR] Failed to fetch GBPUSD 15m: SQLite objects created in a thread can only be used in that same thread. The object was created in thread id 125956076908992 and this is thread id 125956045051584.
Traceback (most recent call last):
  File "/home/tzahi/repo/trade/src/main.py", line 149, in fetch_job
    process_symbol_timeframe(symbol, timeframe, fetcher, db, alert_manager)
    ~~~~~~~~~~~~~~~~~~~~~~~~^^^^^^^^^^^^^^^^^^^^^^^^^^^^^^^^^^^^^^^^^^^^^^^
  File "/home/tzahi/repo/trade/src/main.py", line 114, in process_symbol_timeframe
    latest_timestamp = db.get_latest_timestamp(symbol, timeframe)
  File "/home/tzahi/repo/trade/src/db/local_db.py", line 83, in get_latest_timestamp
    cursor = self.conn.execute(query, (symbol, timeframe))
sqlite3.ProgrammingError: SQLite objects created in a thread can only be used in that same thread. The object was created in thread id 125956076908992 and this is thread id 125956045051584.
2026-06-04 23:31:10 [INFO] Fetching GBPUSD 30m
2026-06-04 23:31:10 [ERROR] Failed to fetch GBPUSD 30m: SQLite objects created in a thread can only be used in that same thread. The object was created in thread id 125956076908992 and this is thread id 125956045051584.
Traceback (most recent call last):
  File "/home/tzahi/repo/trade/src/main.py", line 149, in fetch_job
    process_symbol_timeframe(symbol, timeframe, fetcher, db, alert_manager)
    ~~~~~~~~~~~~~~~~~~~~~~~~^^^^^^^^^^^^^^^^^^^^^^^^^^^^^^^^^^^^^^^^^^^^^^^
  File "/home/tzahi/repo/trade/src/main.py", line 114, in process_symbol_timeframe
    latest_timestamp = db.get_latest_timestamp(symbol, timeframe)
  File "/home/tzahi/repo/trade/src/db/local_db.py", line 83, in get_latest_timestamp
    cursor = self.conn.execute(query, (symbol, timeframe))
sqlite3.ProgrammingError: SQLite objects created in a thread can only be used in that same thread. The object was created in thread id 125956076908992 and this is thread id 125956045051584.
2026-06-04 23:31:10 [INFO] Fetching USDJPY 15m
2026-06-04 23:31:10 [ERROR] Failed to fetch USDJPY 15m: SQLite objects created in a thread can only be used in that same thread. The object was created in thread id 125956076908992 and this is thread id 125956045051584.
Traceback (most recent call last):
  File "/home/tzahi/repo/trade/src/main.py", line 149, in fetch_job
    process_symbol_timeframe(symbol, timeframe, fetcher, db, alert_manager)
    ~~~~~~~~~~~~~~~~~~~~~~~~^^^^^^^^^^^^^^^^^^^^^^^^^^^^^^^^^^^^^^^^^^^^^^^
  File "/home/tzahi/repo/trade/src/main.py", line 114, in process_symbol_timeframe
    latest_timestamp = db.get_latest_timestamp(symbol, timeframe)
  File "/home/tzahi/repo/trade/src/db/local_db.py", line 83, in get_latest_timestamp
    cursor = self.conn.execute(query, (symbol, timeframe))
sqlite3.ProgrammingError: SQLite objects created in a thread can only be used in that same thread. The object was created in thread id 125956076908992 and this is thread id 125956045051584.
2026-06-04 23:31:10 [INFO] Fetching USDJPY 30m
2026-06-04 23:31:10 [ERROR] Failed to fetch USDJPY 30m: SQLite objects created in a thread can only be used in that same thread. The object was created in thread id 125956076908992 and this is thread id 125956045051584.
Traceback (most recent call last):
  File "/home/tzahi/repo/trade/src/main.py", line 149, in fetch_job
    process_symbol_timeframe(symbol, timeframe, fetcher, db, alert_manager)
    ~~~~~~~~~~~~~~~~~~~~~~~~^^^^^^^^^^^^^^^^^^^^^^^^^^^^^^^^^^^^^^^^^^^^^^^
  File "/home/tzahi/repo/trade/src/main.py", line 114, in process_symbol_timeframe
    latest_timestamp = db.get_latest_timestamp(symbol, timeframe)
  File "/home/tzahi/repo/trade/src/db/local_db.py", line 83, in get_latest_timestamp
    cursor = self.conn.execute(query, (symbol, timeframe))
sqlite3.ProgrammingError: SQLite objects created in a thread can only be used in that same thread. The object was created in thread id 125956076908992 and this is thread id 125956045051584.
2026-06-04 23:31:10 [INFO] Job "fetch_job (trigger: cron[second='10'], next run at: 2026-06-04 23:32:10 IDT)" executed successfully
2026-06-04 23:32:10 [INFO] Running job "fetch_job (trigger: cron[second='10'], next run at: 2026-06-04 23:33:10 IDT)" (scheduled at 2026-06-04 23:32:10+03:00)
2026-06-04 23:32:10 [INFO] Job "fetch_job (trigger: cron[second='10'], next run at: 2026-06-04 23:33:10 IDT)" executed successfully
2026-06-04 23:33:10 [INFO] Running job "fetch_job (trigger: cron[second='10'], next run at: 2026-06-04 23:34:10 IDT)" (scheduled at 2026-06-04 23:33:10+03:00)
2026-06-04 23:33:10 [INFO] Job "fetch_job (trigger: cron[second='10'], next run at: 2026-06-04 23:34:10 IDT)" executed successfully
2026-06-04 23:34:10 [INFO] Running job "fetch_job (trigger: cron[second='10'], next run at: 2026-06-04 23:35:10 IDT)" (scheduled at 2026-06-04 23:34:10+03:00)
2026-06-04 23:34:10 [INFO] Job "fetch_job (trigger: cron[second='10'], next run at: 2026-06-04 23:35:10 IDT)" executed successfully
2026-06-04 23:35:10 [INFO] Running job "fetch_job (trigger: cron[second='10'], next run at: 2026-06-04 23:36:10 IDT)" (scheduled at 2026-06-04 23:35:10+03:00)
2026-06-04 23:35:10 [INFO] Job "fetch_job (trigger: cron[second='10'], next run at: 2026-06-04 23:36:10 IDT)" executed successfully
2026-06-04 23:36:10 [INFO] Running job "fetch_job (trigger: cron[second='10'], next run at: 2026-06-04 23:37:10 IDT)" (scheduled at 2026-06-04 23:36:10+03:00)
2026-06-04 23:36:10 [INFO] Job "fetch_job (trigger: cron[second='10'], next run at: 2026-06-04 23:37:10 IDT)" executed successfully
2026-06-04 23:37:10 [INFO] Running job "fetch_job (trigger: cron[second='10'], next run at: 2026-06-04 23:38:10 IDT)" (scheduled at 2026-06-04 23:37:10+03:00)
2026-06-04 23:37:10 [INFO] Job "fetch_job (trigger: cron[second='10'], next run at: 2026-06-04 23:38:10 IDT)" executed successfully
2026-06-04 23:38:10 [INFO] Running job "fetch_job (trigger: cron[second='10'], next run at: 2026-06-04 23:39:10 IDT)" (scheduled at 2026-06-04 23:38:10+03:00)
2026-06-04 23:38:10 [INFO] Job "fetch_job (trigger: cron[second='10'], next run at: 2026-06-04 23:39:10 IDT)" executed successfully
2026-06-04 23:38:30 [INFO] Running job "check_logs_job (trigger: interval[0:10:00], next run at: 2026-06-04 23:48:30 IDT)" (scheduled at 2026-06-04 23:38:30.150548+03:00)
2026-06-04 23:38:30 [WARNING] Log monitor detected issues but no notifier is configured.
2026-06-04 23:38:30 [INFO] Job "check_logs_job (trigger: interval[0:10:00], next run at: 2026-06-04 23:48:30 IDT)" executed successfully
2026-06-04 23:39:10 [INFO] Running job "fetch_job (trigger: cron[second='10'], next run at: 2026-06-04 23:40:10 IDT)" (scheduled at 2026-06-04 23:39:10+03:00)
2026-06-04 23:39:10 [INFO] Job "fetch_job (trigger: cron[second='10'], next run at: 2026-06-04 23:40:10 IDT)" executed successfully
2026-06-04 23:40:10 [INFO] Running job "fetch_job (trigger: cron[second='10'], next run at: 2026-06-04 23:41:10 IDT)" (scheduled at 2026-06-04 23:40:10+03:00)
2026-06-04 23:40:10 [INFO] Job "fetch_job (trigger: cron[second='10'], next run at: 2026-06-04 23:41:10 IDT)" executed successfully
2026-06-04 23:41:10 [INFO] Running job "fetch_job (trigger: cron[second='10'], next run at: 2026-06-04 23:42:10 IDT)" (scheduled at 2026-06-04 23:41:10+03:00)
2026-06-04 23:41:10 [INFO] Job "fetch_job (trigger: cron[second='10'], next run at: 2026-06-04 23:42:10 IDT)" executed successfully
2026-06-04 23:42:10 [INFO] Running job "fetch_job (trigger: cron[second='10'], next run at: 2026-06-04 23:43:10 IDT)" (scheduled at 2026-06-04 23:42:10+03:00)
2026-06-04 23:42:10 [INFO] Job "fetch_job (trigger: cron[second='10'], next run at: 2026-06-04 23:43:10 IDT)" executed successfully
2026-06-04 23:43:10 [INFO] Running job "fetch_job (trigger: cron[second='10'], next run at: 2026-06-04 23:44:10 IDT)" (scheduled at 2026-06-04 23:43:10+03:00)
2026-06-04 23:43:10 [INFO] Job "fetch_job (trigger: cron[second='10'], next run at: 2026-06-04 23:44:10 IDT)" executed successfully
2026-06-04 23:44:10 [INFO] Running job "fetch_job (trigger: cron[second='10'], next run at: 2026-06-04 23:45:10 IDT)" (scheduled at 2026-06-04 23:44:10+03:00)
2026-06-04 23:44:10 [INFO] Job "fetch_job (trigger: cron[second='10'], next run at: 2026-06-04 23:45:10 IDT)" executed successfully
2026-06-04 23:45:10 [INFO] Running job "fetch_job (trigger: cron[second='10'], next run at: 2026-06-04 23:46:10 IDT)" (scheduled at 2026-06-04 23:45:10+03:00)
2026-06-04 23:45:10 [INFO] Job "fetch_job (trigger: cron[second='10'], next run at: 2026-06-04 23:46:10 IDT)" executed successfully
2026-06-04 23:46:10 [INFO] Running job "fetch_job (trigger: cron[second='10'], next run at: 2026-06-04 23:47:10 IDT)" (scheduled at 2026-06-04 23:46:10+03:00)
2026-06-04 23:46:10 [INFO] Running scheduled fetch for timeframes: 15m
2026-06-04 23:46:10 [INFO] Fetching EURUSD 15m
2026-06-04 23:46:10 [ERROR] Failed to fetch EURUSD 15m: SQLite objects created in a thread can only be used in that same thread. The object was created in thread id 125956076908992 and this is thread id 125956045051584.
Traceback (most recent call last):
  File "/home/tzahi/repo/trade/src/main.py", line 149, in fetch_job
    process_symbol_timeframe(symbol, timeframe, fetcher, db, alert_manager)
    ~~~~~~~~~~~~~~~~~~~~~~~~^^^^^^^^^^^^^^^^^^^^^^^^^^^^^^^^^^^^^^^^^^^^^^^
  File "/home/tzahi/repo/trade/src/main.py", line 114, in process_symbol_timeframe
    latest_timestamp = db.get_latest_timestamp(symbol, timeframe)
  File "/home/tzahi/repo/trade/src/db/local_db.py", line 83, in get_latest_timestamp
    cursor = self.conn.execute(query, (symbol, timeframe))
sqlite3.ProgrammingError: SQLite objects created in a thread can only be used in that same thread. The object was created in thread id 125956076908992 and this is thread id 125956045051584.
2026-06-04 23:46:10 [INFO] Fetching GBPUSD 15m
2026-06-04 23:46:10 [ERROR] Failed to fetch GBPUSD 15m: SQLite objects created in a thread can only be used in that same thread. The object was created in thread id 125956076908992 and this is thread id 125956045051584.
Traceback (most recent call last):
  File "/home/tzahi/repo/trade/src/main.py", line 149, in fetch_job
    process_symbol_timeframe(symbol, timeframe, fetcher, db, alert_manager)
    ~~~~~~~~~~~~~~~~~~~~~~~~^^^^^^^^^^^^^^^^^^^^^^^^^^^^^^^^^^^^^^^^^^^^^^^
  File "/home/tzahi/repo/trade/src/main.py", line 114, in process_symbol_timeframe
    latest_timestamp = db.get_latest_timestamp(symbol, timeframe)
  File "/home/tzahi/repo/trade/src/db/local_db.py", line 83, in get_latest_timestamp
    cursor = self.conn.execute(query, (symbol, timeframe))
sqlite3.ProgrammingError: SQLite objects created in a thread can only be used in that same thread. The object was created in thread id 125956076908992 and this is thread id 125956045051584.
2026-06-04 23:46:10 [INFO] Fetching USDJPY 15m
2026-06-04 23:46:10 [ERROR] Failed to fetch USDJPY 15m: SQLite objects created in a thread can only be used in that same thread. The object was created in thread id 125956076908992 and this is thread id 125956045051584.
Traceback (most recent call last):
  File "/home/tzahi/repo/trade/src/main.py", line 149, in fetch_job
    process_symbol_timeframe(symbol, timeframe, fetcher, db, alert_manager)
    ~~~~~~~~~~~~~~~~~~~~~~~~^^^^^^^^^^^^^^^^^^^^^^^^^^^^^^^^^^^^^^^^^^^^^^^
  File "/home/tzahi/repo/trade/src/main.py", line 114, in process_symbol_timeframe
    latest_timestamp = db.get_latest_timestamp(symbol, timeframe)
  File "/home/tzahi/repo/trade/src/db/local_db.py", line 83, in get_latest_timestamp
    cursor = self.conn.execute(query, (symbol, timeframe))
sqlite3.ProgrammingError: SQLite objects created in a thread can only be used in that same thread. The object was created in thread id 125956076908992 and this is thread id 125956045051584.
2026-06-04 23:46:10 [INFO] Job "fetch_job (trigger: cron[second='10'], next run at: 2026-06-04 23:47:10 IDT)" executed successfully
2026-06-04 23:47:10 [INFO] Running job "fetch_job (trigger: cron[second='10'], next run at: 2026-06-04 23:48:10 IDT)" (scheduled at 2026-06-04 23:47:10+03:00)
2026-06-04 23:47:10 [INFO] Job "fetch_job (trigger: cron[second='10'], next run at: 2026-06-04 23:48:10 IDT)" executed successfully
2026-06-04 23:48:10 [INFO] Running job "fetch_job (trigger: cron[second='10'], next run at: 2026-06-04 23:49:10 IDT)" (scheduled at 2026-06-04 23:48:10+03:00)
2026-06-04 23:48:10 [INFO] Job "fetch_job (trigger: cron[second='10'], next run at: 2026-06-04 23:49:10 IDT)" executed successfully
2026-06-04 23:48:30 [INFO] Running job "check_logs_job (trigger: interval[0:10:00], next run at: 2026-06-04 23:58:30 IDT)" (scheduled at 2026-06-04 23:48:30.150548+03:00)
2026-06-04 23:48:30 [WARNING] Log monitor detected issues but no notifier is configured.
2026-06-04 23:48:30 [INFO] Job "check_logs_job (trigger: interval[0:10:00], next run at: 2026-06-04 23:58:30 IDT)" executed successfully
2026-06-04 23:49:10 [INFO] Running job "fetch_job (trigger: cron[second='10'], next run at: 2026-06-04 23:50:10 IDT)" (scheduled at 2026-06-04 23:49:10+03:00)
2026-06-04 23:49:10 [INFO] Job "fetch_job (trigger: cron[second='10'], next run at: 2026-06-04 23:50:10 IDT)" executed successfully
2026-06-04 23:50:10 [INFO] Running job "fetch_job (trigger: cron[second='10'], next run at: 2026-06-04 23:51:10 IDT)" (scheduled at 2026-06-04 23:50:10+03:00)
2026-06-04 23:50:10 [INFO] Job "fetch_job (trigger: cron[second='10'], next run at: 2026-06-04 23:51:10 IDT)" executed successfully
2026-06-04 23:51:10 [INFO] Running job "fetch_job (trigger: cron[second='10'], next run at: 2026-06-04 23:52:10 IDT)" (scheduled at 2026-06-04 23:51:10+03:00)
2026-06-04 23:51:10 [INFO] Job "fetch_job (trigger: cron[second='10'], next run at: 2026-06-04 23:52:10 IDT)" executed successfully
2026-06-04 23:52:10 [INFO] Running job "fetch_job (trigger: cron[second='10'], next run at: 2026-06-04 23:53:10 IDT)" (scheduled at 2026-06-04 23:52:10+03:00)
2026-06-04 23:52:10 [INFO] Job "fetch_job (trigger: cron[second='10'], next run at: 2026-06-04 23:53:10 IDT)" executed successfully
2026-06-04 23:53:10 [INFO] Running job "fetch_job (trigger: cron[second='10'], next run at: 2026-06-04 23:54:10 IDT)" (scheduled at 2026-06-04 23:53:10+03:00)
2026-06-04 23:53:10 [INFO] Job "fetch_job (trigger: cron[second='10'], next run at: 2026-06-04 23:54:10 IDT)" executed successfully
2026-06-04 23:54:10 [INFO] Running job "fetch_job (trigger: cron[second='10'], next run at: 2026-06-04 23:55:10 IDT)" (scheduled at 2026-06-04 23:54:10+03:00)
2026-06-04 23:54:10 [INFO] Job "fetch_job (trigger: cron[second='10'], next run at: 2026-06-04 23:55:10 IDT)" executed successfully
2026-06-04 23:55:10 [INFO] Running job "fetch_job (trigger: cron[second='10'], next run at: 2026-06-04 23:56:10 IDT)" (scheduled at 2026-06-04 23:55:10+03:00)
2026-06-04 23:55:10 [INFO] Job "fetch_job (trigger: cron[second='10'], next run at: 2026-06-04 23:56:10 IDT)" executed successfully
2026-06-04 23:56:10 [INFO] Running job "fetch_job (trigger: cron[second='10'], next run at: 2026-06-04 23:57:10 IDT)" (scheduled at 2026-06-04 23:56:10+03:00)
2026-06-04 23:56:10 [INFO] Job "fetch_job (trigger: cron[second='10'], next run at: 2026-06-04 23:57:10 IDT)" executed successfully
2026-06-04 23:57:10 [INFO] Running job "fetch_job (trigger: cron[second='10'], next run at: 2026-06-04 23:58:10 IDT)" (scheduled at 2026-06-04 23:57:10+03:00)
2026-06-04 23:57:10 [INFO] Job "fetch_job (trigger: cron[second='10'], next run at: 2026-06-04 23:58:10 IDT)" executed successfully
2026-06-04 23:58:10 [INFO] Running job "fetch_job (trigger: cron[second='10'], next run at: 2026-06-04 23:59:10 IDT)" (scheduled at 2026-06-04 23:58:10+03:00)
2026-06-04 23:58:10 [INFO] Job "fetch_job (trigger: cron[second='10'], next run at: 2026-06-04 23:59:10 IDT)" executed successfully
2026-06-04 23:58:30 [INFO] Running job "check_logs_job (trigger: interval[0:10:00], next run at: 2026-06-05 00:08:30 IDT)" (scheduled at 2026-06-04 23:58:30.150548+03:00)
2026-06-04 23:58:30 [WARNING] Log monitor detected issues but no notifier is configured.
2026-06-04 23:58:30 [INFO] Job "check_logs_job (trigger: interval[0:10:00], next run at: 2026-06-05 00:08:30 IDT)" executed successfully
2026-06-04 23:59:10 [INFO] Running job "fetch_job (trigger: cron[second='10'], next run at: 2026-06-05 00:00:10 IDT)" (scheduled at 2026-06-04 23:59:10+03:00)
2026-06-04 23:59:10 [INFO] Job "fetch_job (trigger: cron[second='10'], next run at: 2026-06-05 00:00:10 IDT)" executed successfully
2026-06-05 00:00:10 [INFO] Running job "fetch_job (trigger: cron[second='10'], next run at: 2026-06-05 00:01:10 IDT)" (scheduled at 2026-06-05 00:00:10+03:00)
2026-06-05 00:00:10 [INFO] Job "fetch_job (trigger: cron[second='10'], next run at: 2026-06-05 00:01:10 IDT)" executed successfully
2026-06-05 00:01:10 [INFO] Running job "fetch_job (trigger: cron[second='10'], next run at: 2026-06-05 00:02:10 IDT)" (scheduled at 2026-06-05 00:01:10+03:00)
2026-06-05 00:01:10 [INFO] Running scheduled fetch for timeframes: 15m, 30m, 1h
2026-06-05 00:01:10 [INFO] Fetching EURUSD 15m
2026-06-05 00:01:10 [ERROR] Failed to fetch EURUSD 15m: SQLite objects created in a thread can only be used in that same thread. The object was created in thread id 125956076908992 and this is thread id 125956045051584.
Traceback (most recent call last):
  File "/home/tzahi/repo/trade/src/main.py", line 149, in fetch_job
    process_symbol_timeframe(symbol, timeframe, fetcher, db, alert_manager)
    ~~~~~~~~~~~~~~~~~~~~~~~~^^^^^^^^^^^^^^^^^^^^^^^^^^^^^^^^^^^^^^^^^^^^^^^
  File "/home/tzahi/repo/trade/src/main.py", line 114, in process_symbol_timeframe
    latest_timestamp = db.get_latest_timestamp(symbol, timeframe)
  File "/home/tzahi/repo/trade/src/db/local_db.py", line 83, in get_latest_timestamp
    cursor = self.conn.execute(query, (symbol, timeframe))
sqlite3.ProgrammingError: SQLite objects created in a thread can only be used in that same thread. The object was created in thread id 125956076908992 and this is thread id 125956045051584.
2026-06-05 00:01:10 [INFO] Fetching EURUSD 30m
2026-06-05 00:01:10 [ERROR] Failed to fetch EURUSD 30m: SQLite objects created in a thread can only be used in that same thread. The object was created in thread id 125956076908992 and this is thread id 125956045051584.
Traceback (most recent call last):
  File "/home/tzahi/repo/trade/src/main.py", line 149, in fetch_job
    process_symbol_timeframe(symbol, timeframe, fetcher, db, alert_manager)
    ~~~~~~~~~~~~~~~~~~~~~~~~^^^^^^^^^^^^^^^^^^^^^^^^^^^^^^^^^^^^^^^^^^^^^^^
  File "/home/tzahi/repo/trade/src/main.py", line 114, in process_symbol_timeframe
    latest_timestamp = db.get_latest_timestamp(symbol, timeframe)
  File "/home/tzahi/repo/trade/src/db/local_db.py", line 83, in get_latest_timestamp
    cursor = self.conn.execute(query, (symbol, timeframe))
sqlite3.ProgrammingError: SQLite objects created in a thread can only be used in that same thread. The object was created in thread id 125956076908992 and this is thread id 125956045051584.
2026-06-05 00:01:10 [INFO] Fetching EURUSD 1h
2026-06-05 00:01:10 [ERROR] Failed to fetch EURUSD 1h: SQLite objects created in a thread can only be used in that same thread. The object was created in thread id 125956076908992 and this is thread id 125956045051584.
Traceback (most recent call last):
  File "/home/tzahi/repo/trade/src/main.py", line 149, in fetch_job
    process_symbol_timeframe(symbol, timeframe, fetcher, db, alert_manager)
    ~~~~~~~~~~~~~~~~~~~~~~~~^^^^^^^^^^^^^^^^^^^^^^^^^^^^^^^^^^^^^^^^^^^^^^^
  File "/home/tzahi/repo/trade/src/main.py", line 114, in process_symbol_timeframe
    latest_timestamp = db.get_latest_timestamp(symbol, timeframe)
  File "/home/tzahi/repo/trade/src/db/local_db.py", line 83, in get_latest_timestamp
    cursor = self.conn.execute(query, (symbol, timeframe))
sqlite3.ProgrammingError: SQLite objects created in a thread can only be used in that same thread. The object was created in thread id 125956076908992 and this is thread id 125956045051584.
2026-06-05 00:01:10 [INFO] Fetching GBPUSD 15m
2026-06-05 00:01:10 [ERROR] Failed to fetch GBPUSD 15m: SQLite objects created in a thread can only be used in that same thread. The object was created in thread id 125956076908992 and this is thread id 125956045051584.
Traceback (most recent call last):
  File "/home/tzahi/repo/trade/src/main.py", line 149, in fetch_job
    process_symbol_timeframe(symbol, timeframe, fetcher, db, alert_manager)
    ~~~~~~~~~~~~~~~~~~~~~~~~^^^^^^^^^^^^^^^^^^^^^^^^^^^^^^^^^^^^^^^^^^^^^^^
  File "/home/tzahi/repo/trade/src/main.py", line 114, in process_symbol_timeframe
    latest_timestamp = db.get_latest_timestamp(symbol, timeframe)
  File "/home/tzahi/repo/trade/src/db/local_db.py", line 83, in get_latest_timestamp
    cursor = self.conn.execute(query, (symbol, timeframe))
sqlite3.ProgrammingError: SQLite objects created in a thread can only be used in that same thread. The object was created in thread id 125956076908992 and this is thread id 125956045051584.
2026-06-05 00:01:10 [INFO] Fetching GBPUSD 30m
2026-06-05 00:01:10 [ERROR] Failed to fetch GBPUSD 30m: SQLite objects created in a thread can only be used in that same thread. The object was created in thread id 125956076908992 and this is thread id 125956045051584.
Traceback (most recent call last):
  File "/home/tzahi/repo/trade/src/main.py", line 149, in fetch_job
    process_symbol_timeframe(symbol, timeframe, fetcher, db, alert_manager)
    ~~~~~~~~~~~~~~~~~~~~~~~~^^^^^^^^^^^^^^^^^^^^^^^^^^^^^^^^^^^^^^^^^^^^^^^
  File "/home/tzahi/repo/trade/src/main.py", line 114, in process_symbol_timeframe
    latest_timestamp = db.get_latest_timestamp(symbol, timeframe)
  File "/home/tzahi/repo/trade/src/db/local_db.py", line 83, in get_latest_timestamp
    cursor = self.conn.execute(query, (symbol, timeframe))
sqlite3.ProgrammingError: SQLite objects created in a thread can only be used in that same thread. The object was created in thread id 125956076908992 and this is thread id 125956045051584.
2026-06-05 00:01:10 [INFO] Fetching GBPUSD 1h
2026-06-05 00:01:10 [ERROR] Failed to fetch GBPUSD 1h: SQLite objects created in a thread can only be used in that same thread. The object was created in thread id 125956076908992 and this is thread id 125956045051584.
Traceback (most recent call last):
  File "/home/tzahi/repo/trade/src/main.py", line 149, in fetch_job
    process_symbol_timeframe(symbol, timeframe, fetcher, db, alert_manager)
    ~~~~~~~~~~~~~~~~~~~~~~~~^^^^^^^^^^^^^^^^^^^^^^^^^^^^^^^^^^^^^^^^^^^^^^^
  File "/home/tzahi/repo/trade/src/main.py", line 114, in process_symbol_timeframe
    latest_timestamp = db.get_latest_timestamp(symbol, timeframe)
  File "/home/tzahi/repo/trade/src/db/local_db.py", line 83, in get_latest_timestamp
    cursor = self.conn.execute(query, (symbol, timeframe))
sqlite3.ProgrammingError: SQLite objects created in a thread can only be used in that same thread. The object was created in thread id 125956076908992 and this is thread id 125956045051584.
2026-06-05 00:01:10 [INFO] Fetching USDJPY 15m
2026-06-05 00:01:10 [ERROR] Failed to fetch USDJPY 15m: SQLite objects created in a thread can only be used in that same thread. The object was created in thread id 125956076908992 and this is thread id 125956045051584.
Traceback (most recent call last):
  File "/home/tzahi/repo/trade/src/main.py", line 149, in fetch_job
    process_symbol_timeframe(symbol, timeframe, fetcher, db, alert_manager)
    ~~~~~~~~~~~~~~~~~~~~~~~~^^^^^^^^^^^^^^^^^^^^^^^^^^^^^^^^^^^^^^^^^^^^^^^
  File "/home/tzahi/repo/trade/src/main.py", line 114, in process_symbol_timeframe
    latest_timestamp = db.get_latest_timestamp(symbol, timeframe)
  File "/home/tzahi/repo/trade/src/db/local_db.py", line 83, in get_latest_timestamp
    cursor = self.conn.execute(query, (symbol, timeframe))
sqlite3.ProgrammingError: SQLite objects created in a thread can only be used in that same thread. The object was created in thread id 125956076908992 and this is thread id 125956045051584.
2026-06-05 00:01:10 [INFO] Fetching USDJPY 30m
2026-06-05 00:01:10 [ERROR] Failed to fetch USDJPY 30m: SQLite objects created in a thread can only be used in that same thread. The object was created in thread id 125956076908992 and this is thread id 125956045051584.
Traceback (most recent call last):
  File "/home/tzahi/repo/trade/src/main.py", line 149, in fetch_job
    process_symbol_timeframe(symbol, timeframe, fetcher, db, alert_manager)
    ~~~~~~~~~~~~~~~~~~~~~~~~^^^^^^^^^^^^^^^^^^^^^^^^^^^^^^^^^^^^^^^^^^^^^^^
  File "/home/tzahi/repo/trade/src/main.py", line 114, in process_symbol_timeframe
    latest_timestamp = db.get_latest_timestamp(symbol, timeframe)
  File "/home/tzahi/repo/trade/src/db/local_db.py", line 83, in get_latest_timestamp
    cursor = self.conn.execute(query, (symbol, timeframe))
sqlite3.ProgrammingError: SQLite objects created in a thread can only be used in that same thread. The object was created in thread id 125956076908992 and this is thread id 125956045051584.
2026-06-05 00:01:10 [INFO] Fetching USDJPY 1h
2026-06-05 00:01:10 [ERROR] Failed to fetch USDJPY 1h: SQLite objects created in a thread can only be used in that same thread. The object was created in thread id 125956076908992 and this is thread id 125956045051584.
Traceback (most recent call last):
  File "/home/tzahi/repo/trade/src/main.py", line 149, in fetch_job
    process_symbol_timeframe(symbol, timeframe, fetcher, db, alert_manager)
    ~~~~~~~~~~~~~~~~~~~~~~~~^^^^^^^^^^^^^^^^^^^^^^^^^^^^^^^^^^^^^^^^^^^^^^^
  File "/home/tzahi/repo/trade/src/main.py", line 114, in process_symbol_timeframe
    latest_timestamp = db.get_latest_timestamp(symbol, timeframe)
  File "/home/tzahi/repo/trade/src/db/local_db.py", line 83, in get_latest_timestamp
    cursor = self.conn.execute(query, (symbol, timeframe))
sqlite3.ProgrammingError: SQLite objects created in a thread can only be used in that same thread. The object was created in thread id 125956076908992 and this is thread id 125956045051584.
2026-06-05 00:01:10 [INFO] Job "fetch_job (trigger: cron[second='10'], next run at: 2026-06-05 00:02:10 IDT)" executed successfully
2026-06-05 00:02:10 [INFO] Running job "fetch_job (trigger: cron[second='10'], next run at: 2026-06-05 00:03:10 IDT)" (scheduled at 2026-06-05 00:02:10+03:00)
2026-06-05 00:02:10 [INFO] Job "fetch_job (trigger: cron[second='10'], next run at: 2026-06-05 00:03:10 IDT)" executed successfully
2026-06-05 00:03:10 [INFO] Running job "fetch_job (trigger: cron[second='10'], next run at: 2026-06-05 00:04:10 IDT)" (scheduled at 2026-06-05 00:03:10+03:00)
2026-06-05 00:03:10 [INFO] Job "fetch_job (trigger: cron[second='10'], next run at: 2026-06-05 00:04:10 IDT)" executed successfully
2026-06-05 00:04:10 [INFO] Running job "fetch_job (trigger: cron[second='10'], next run at: 2026-06-05 00:05:10 IDT)" (scheduled at 2026-06-05 00:04:10+03:00)
2026-06-05 00:04:10 [INFO] Job "fetch_job (trigger: cron[second='10'], next run at: 2026-06-05 00:05:10 IDT)" executed successfully
2026-06-05 00:05:10 [INFO] Running job "fetch_job (trigger: cron[second='10'], next run at: 2026-06-05 00:06:10 IDT)" (scheduled at 2026-06-05 00:05:10+03:00)
2026-06-05 00:05:10 [INFO] Job "fetch_job (trigger: cron[second='10'], next run at: 2026-06-05 00:06:10 IDT)" executed successfully
2026-06-05 00:06:10 [INFO] Running job "fetch_job (trigger: cron[second='10'], next run at: 2026-06-05 00:07:10 IDT)" (scheduled at 2026-06-05 00:06:10+03:00)
2026-06-05 00:06:10 [INFO] Job "fetch_job (trigger: cron[second='10'], next run at: 2026-06-05 00:07:10 IDT)" executed successfully
2026-06-05 00:07:10 [INFO] Running job "fetch_job (trigger: cron[second='10'], next run at: 2026-06-05 00:08:10 IDT)" (scheduled at 2026-06-05 00:07:10+03:00)
2026-06-05 00:07:10 [INFO] Job "fetch_job (trigger: cron[second='10'], next run at: 2026-06-05 00:08:10 IDT)" executed successfully
2026-06-05 00:08:10 [INFO] Running job "fetch_job (trigger: cron[second='10'], next run at: 2026-06-05 00:09:10 IDT)" (scheduled at 2026-06-05 00:08:10+03:00)
2026-06-05 00:08:10 [INFO] Job "fetch_job (trigger: cron[second='10'], next run at: 2026-06-05 00:09:10 IDT)" executed successfully
2026-06-05 00:08:30 [INFO] Running job "check_logs_job (trigger: interval[0:10:00], next run at: 2026-06-05 00:18:30 IDT)" (scheduled at 2026-06-05 00:08:30.150548+03:00)
2026-06-05 00:08:30 [WARNING] Log monitor detected issues but no notifier is configured.
2026-06-05 00:08:30 [INFO] Job "check_logs_job (trigger: interval[0:10:00], next run at: 2026-06-05 00:18:30 IDT)" executed successfully
2026-06-05 00:09:10 [INFO] Running job "fetch_job (trigger: cron[second='10'], next run at: 2026-06-05 00:10:10 IDT)" (scheduled at 2026-06-05 00:09:10+03:00)
2026-06-05 00:09:10 [INFO] Job "fetch_job (trigger: cron[second='10'], next run at: 2026-06-05 00:10:10 IDT)" executed successfully
2026-06-05 00:10:10 [INFO] Running job "fetch_job (trigger: cron[second='10'], next run at: 2026-06-05 00:11:10 IDT)" (scheduled at 2026-06-05 00:10:10+03:00)
2026-06-05 00:10:10 [INFO] Job "fetch_job (trigger: cron[second='10'], next run at: 2026-06-05 00:11:10 IDT)" executed successfully
2026-06-05 00:11:10 [INFO] Running job "fetch_job (trigger: cron[second='10'], next run at: 2026-06-05 00:12:10 IDT)" (scheduled at 2026-06-05 00:11:10+03:00)
2026-06-05 00:11:10 [INFO] Job "fetch_job (trigger: cron[second='10'], next run at: 2026-06-05 00:12:10 IDT)" executed successfully
2026-06-05 00:12:10 [INFO] Running job "fetch_job (trigger: cron[second='10'], next run at: 2026-06-05 00:13:10 IDT)" (scheduled at 2026-06-05 00:12:10+03:00)
2026-06-05 00:12:10 [INFO] Job "fetch_job (trigger: cron[second='10'], next run at: 2026-06-05 00:13:10 IDT)" executed successfully
2026-06-05 00:13:10 [INFO] Running job "fetch_job (trigger: cron[second='10'], next run at: 2026-06-05 00:14:10 IDT)" (scheduled at 2026-06-05 00:13:10+03:00)
2026-06-05 00:13:10 [INFO] Job "fetch_job (trigger: cron[second='10'], next run at: 2026-06-05 00:14:10 IDT)" executed successfully
2026-06-05 00:14:10 [INFO] Running job "fetch_job (trigger: cron[second='10'], next run at: 2026-06-05 00:15:10 IDT)" (scheduled at 2026-06-05 00:14:10+03:00)
2026-06-05 00:14:10 [INFO] Job "fetch_job (trigger: cron[second='10'], next run at: 2026-06-05 00:15:10 IDT)" executed successfully
2026-06-05 00:15:10 [INFO] Running job "fetch_job (trigger: cron[second='10'], next run at: 2026-06-05 00:16:10 IDT)" (scheduled at 2026-06-05 00:15:10+03:00)
2026-06-05 00:15:10 [INFO] Job "fetch_job (trigger: cron[second='10'], next run at: 2026-06-05 00:16:10 IDT)" executed successfully
2026-06-05 00:16:10 [INFO] Running job "fetch_job (trigger: cron[second='10'], next run at: 2026-06-05 00:17:10 IDT)" (scheduled at 2026-06-05 00:16:10+03:00)
2026-06-05 00:16:10 [INFO] Running scheduled fetch for timeframes: 15m
2026-06-05 00:16:10 [INFO] Fetching EURUSD 15m
2026-06-05 00:16:10 [ERROR] Failed to fetch EURUSD 15m: SQLite objects created in a thread can only be used in that same thread. The object was created in thread id 125956076908992 and this is thread id 125956045051584.
Traceback (most recent call last):
  File "/home/tzahi/repo/trade/src/main.py", line 149, in fetch_job
    process_symbol_timeframe(symbol, timeframe, fetcher, db, alert_manager)
    ~~~~~~~~~~~~~~~~~~~~~~~~^^^^^^^^^^^^^^^^^^^^^^^^^^^^^^^^^^^^^^^^^^^^^^^
  File "/home/tzahi/repo/trade/src/main.py", line 114, in process_symbol_timeframe
    latest_timestamp = db.get_latest_timestamp(symbol, timeframe)
  File "/home/tzahi/repo/trade/src/db/local_db.py", line 83, in get_latest_timestamp
    cursor = self.conn.execute(query, (symbol, timeframe))
sqlite3.ProgrammingError: SQLite objects created in a thread can only be used in that same thread. The object was created in thread id 125956076908992 and this is thread id 125956045051584.
2026-06-05 00:16:10 [INFO] Fetching GBPUSD 15m
2026-06-05 00:16:10 [ERROR] Failed to fetch GBPUSD 15m: SQLite objects created in a thread can only be used in that same thread. The object was created in thread id 125956076908992 and this is thread id 125956045051584.
Traceback (most recent call last):
  File "/home/tzahi/repo/trade/src/main.py", line 149, in fetch_job
    process_symbol_timeframe(symbol, timeframe, fetcher, db, alert_manager)
    ~~~~~~~~~~~~~~~~~~~~~~~~^^^^^^^^^^^^^^^^^^^^^^^^^^^^^^^^^^^^^^^^^^^^^^^
  File "/home/tzahi/repo/trade/src/main.py", line 114, in process_symbol_timeframe
    latest_timestamp = db.get_latest_timestamp(symbol, timeframe)
  File "/home/tzahi/repo/trade/src/db/local_db.py", line 83, in get_latest_timestamp
    cursor = self.conn.execute(query, (symbol, timeframe))
sqlite3.ProgrammingError: SQLite objects created in a thread can only be used in that same thread. The object was created in thread id 125956076908992 and this is thread id 125956045051584.
2026-06-05 00:16:10 [INFO] Fetching USDJPY 15m
2026-06-05 00:16:10 [ERROR] Failed to fetch USDJPY 15m: SQLite objects created in a thread can only be used in that same thread. The object was created in thread id 125956076908992 and this is thread id 125956045051584.
Traceback (most recent call last):
  File "/home/tzahi/repo/trade/src/main.py", line 149, in fetch_job
    process_symbol_timeframe(symbol, timeframe, fetcher, db, alert_manager)
    ~~~~~~~~~~~~~~~~~~~~~~~~^^^^^^^^^^^^^^^^^^^^^^^^^^^^^^^^^^^^^^^^^^^^^^^
  File "/home/tzahi/repo/trade/src/main.py", line 114, in process_symbol_timeframe
    latest_timestamp = db.get_latest_timestamp(symbol, timeframe)
  File "/home/tzahi/repo/trade/src/db/local_db.py", line 83, in get_latest_timestamp
    cursor = self.conn.execute(query, (symbol, timeframe))
sqlite3.ProgrammingError: SQLite objects created in a thread can only be used in that same thread. The object was created in thread id 125956076908992 and this is thread id 125956045051584.
2026-06-05 00:16:10 [INFO] Job "fetch_job (trigger: cron[second='10'], next run at: 2026-06-05 00:17:10 IDT)" executed successfully
2026-06-05 00:17:10 [INFO] Running job "fetch_job (trigger: cron[second='10'], next run at: 2026-06-05 00:18:10 IDT)" (scheduled at 2026-06-05 00:17:10+03:00)
2026-06-05 00:17:10 [INFO] Job "fetch_job (trigger: cron[second='10'], next run at: 2026-06-05 00:18:10 IDT)" executed successfully
2026-06-05 00:18:10 [INFO] Running job "fetch_job (trigger: cron[second='10'], next run at: 2026-06-05 00:19:10 IDT)" (scheduled at 2026-06-05 00:18:10+03:00)
2026-06-05 00:18:10 [INFO] Job "fetch_job (trigger: cron[second='10'], next run at: 2026-06-05 00:19:10 IDT)" executed successfully
2026-06-05 00:18:30 [INFO] Running job "check_logs_job (trigger: interval[0:10:00], next run at: 2026-06-05 00:28:30 IDT)" (scheduled at 2026-06-05 00:18:30.150548+03:00)
2026-06-05 00:18:30 [WARNING] Log monitor detected issues but no notifier is configured.
2026-06-05 00:18:30 [INFO] Job "check_logs_job (trigger: interval[0:10:00], next run at: 2026-06-05 00:28:30 IDT)" executed successfully
2026-06-05 00:19:10 [INFO] Running job "fetch_job (trigger: cron[second='10'], next run at: 2026-06-05 00:20:10 IDT)" (scheduled at 2026-06-05 00:19:10+03:00)
2026-06-05 00:19:10 [INFO] Job "fetch_job (trigger: cron[second='10'], next run at: 2026-06-05 00:20:10 IDT)" executed successfully
2026-06-05 00:20:10 [INFO] Running job "fetch_job (trigger: cron[second='10'], next run at: 2026-06-05 00:21:10 IDT)" (scheduled at 2026-06-05 00:20:10+03:00)
2026-06-05 00:20:10 [INFO] Job "fetch_job (trigger: cron[second='10'], next run at: 2026-06-05 00:21:10 IDT)" executed successfully
2026-06-05 00:21:10 [INFO] Running job "fetch_job (trigger: cron[second='10'], next run at: 2026-06-05 00:22:10 IDT)" (scheduled at 2026-06-05 00:21:10+03:00)
2026-06-05 00:21:10 [INFO] Job "fetch_job (trigger: cron[second='10'], next run at: 2026-06-05 00:22:10 IDT)" executed successfully
2026-06-05 00:22:10 [INFO] Running job "fetch_job (trigger: cron[second='10'], next run at: 2026-06-05 00:23:10 IDT)" (scheduled at 2026-06-05 00:22:10+03:00)
2026-06-05 00:22:10 [INFO] Job "fetch_job (trigger: cron[second='10'], next run at: 2026-06-05 00:23:10 IDT)" executed successfully
2026-06-05 00:23:10 [INFO] Running job "fetch_job (trigger: cron[second='10'], next run at: 2026-06-05 00:24:10 IDT)" (scheduled at 2026-06-05 00:23:10+03:00)
2026-06-05 00:23:10 [INFO] Job "fetch_job (trigger: cron[second='10'], next run at: 2026-06-05 00:24:10 IDT)" executed successfully
2026-06-05 00:24:10 [INFO] Running job "fetch_job (trigger: cron[second='10'], next run at: 2026-06-05 00:25:10 IDT)" (scheduled at 2026-06-05 00:24:10+03:00)
2026-06-05 00:24:10 [INFO] Job "fetch_job (trigger: cron[second='10'], next run at: 2026-06-05 00:25:10 IDT)" executed successfully
2026-06-05 00:25:10 [INFO] Running job "fetch_job (trigger: cron[second='10'], next run at: 2026-06-05 00:26:10 IDT)" (scheduled at 2026-06-05 00:25:10+03:00)
2026-06-05 00:25:10 [INFO] Job "fetch_job (trigger: cron[second='10'], next run at: 2026-06-05 00:26:10 IDT)" executed successfully
2026-06-05 00:26:10 [INFO] Running job "fetch_job (trigger: cron[second='10'], next run at: 2026-06-05 00:27:10 IDT)" (scheduled at 2026-06-05 00:26:10+03:00)
2026-06-05 00:26:10 [INFO] Job "fetch_job (trigger: cron[second='10'], next run at: 2026-06-05 00:27:10 IDT)" executed successfully
2026-06-05 00:27:10 [INFO] Running job "fetch_job (trigger: cron[second='10'], next run at: 2026-06-05 00:28:10 IDT)" (scheduled at 2026-06-05 00:27:10+03:00)
2026-06-05 00:27:10 [INFO] Job "fetch_job (trigger: cron[second='10'], next run at: 2026-06-05 00:28:10 IDT)" executed successfully
2026-06-05 00:28:10 [INFO] Running job "fetch_job (trigger: cron[second='10'], next run at: 2026-06-05 00:29:10 IDT)" (scheduled at 2026-06-05 00:28:10+03:00)
2026-06-05 00:28:10 [INFO] Job "fetch_job (trigger: cron[second='10'], next run at: 2026-06-05 00:29:10 IDT)" executed successfully
2026-06-05 00:28:30 [INFO] Running job "check_logs_job (trigger: interval[0:10:00], next run at: 2026-06-05 00:38:30 IDT)" (scheduled at 2026-06-05 00:28:30.150548+03:00)
2026-06-05 00:28:30 [WARNING] Log monitor detected issues but no notifier is configured.
2026-06-05 00:28:30 [INFO] Job "check_logs_job (trigger: interval[0:10:00], next run at: 2026-06-05 00:38:30 IDT)" executed successfully
2026-06-05 00:29:10 [INFO] Running job "fetch_job (trigger: cron[second='10'], next run at: 2026-06-05 00:30:10 IDT)" (scheduled at 2026-06-05 00:29:10+03:00)
2026-06-05 00:29:10 [INFO] Job "fetch_job (trigger: cron[second='10'], next run at: 2026-06-05 00:30:10 IDT)" executed successfully
2026-06-05 00:30:10 [INFO] Running job "fetch_job (trigger: cron[second='10'], next run at: 2026-06-05 00:31:10 IDT)" (scheduled at 2026-06-05 00:30:10+03:00)
2026-06-05 00:30:10 [INFO] Job "fetch_job (trigger: cron[second='10'], next run at: 2026-06-05 00:31:10 IDT)" executed successfully
2026-06-05 00:31:10 [INFO] Running job "fetch_job (trigger: cron[second='10'], next run at: 2026-06-05 00:32:10 IDT)" (scheduled at 2026-06-05 00:31:10+03:00)
2026-06-05 00:31:10 [INFO] Running scheduled fetch for timeframes: 15m, 30m
2026-06-05 00:31:10 [INFO] Fetching EURUSD 15m
2026-06-05 00:31:10 [ERROR] Failed to fetch EURUSD 15m: SQLite objects created in a thread can only be used in that same thread. The object was created in thread id 125956076908992 and this is thread id 125956045051584.
Traceback (most recent call last):
  File "/home/tzahi/repo/trade/src/main.py", line 149, in fetch_job
    process_symbol_timeframe(symbol, timeframe, fetcher, db, alert_manager)
    ~~~~~~~~~~~~~~~~~~~~~~~~^^^^^^^^^^^^^^^^^^^^^^^^^^^^^^^^^^^^^^^^^^^^^^^
  File "/home/tzahi/repo/trade/src/main.py", line 114, in process_symbol_timeframe
    latest_timestamp = db.get_latest_timestamp(symbol, timeframe)
  File "/home/tzahi/repo/trade/src/db/local_db.py", line 83, in get_latest_timestamp
    cursor = self.conn.execute(query, (symbol, timeframe))
sqlite3.ProgrammingError: SQLite objects created in a thread can only be used in that same thread. The object was created in thread id 125956076908992 and this is thread id 125956045051584.
2026-06-05 00:31:10 [INFO] Fetching EURUSD 30m
2026-06-05 00:31:10 [ERROR] Failed to fetch EURUSD 30m: SQLite objects created in a thread can only be used in that same thread. The object was created in thread id 125956076908992 and this is thread id 125956045051584.
Traceback (most recent call last):
  File "/home/tzahi/repo/trade/src/main.py", line 149, in fetch_job
    process_symbol_timeframe(symbol, timeframe, fetcher, db, alert_manager)
    ~~~~~~~~~~~~~~~~~~~~~~~~^^^^^^^^^^^^^^^^^^^^^^^^^^^^^^^^^^^^^^^^^^^^^^^
  File "/home/tzahi/repo/trade/src/main.py", line 114, in process_symbol_timeframe
    latest_timestamp = db.get_latest_timestamp(symbol, timeframe)
  File "/home/tzahi/repo/trade/src/db/local_db.py", line 83, in get_latest_timestamp
    cursor = self.conn.execute(query, (symbol, timeframe))
sqlite3.ProgrammingError: SQLite objects created in a thread can only be used in that same thread. The object was created in thread id 125956076908992 and this is thread id 125956045051584.
2026-06-05 00:31:10 [INFO] Fetching GBPUSD 15m
2026-06-05 00:31:10 [ERROR] Failed to fetch GBPUSD 15m: SQLite objects created in a thread can only be used in that same thread. The object was created in thread id 125956076908992 and this is thread id 125956045051584.
Traceback (most recent call last):
  File "/home/tzahi/repo/trade/src/main.py", line 149, in fetch_job
    process_symbol_timeframe(symbol, timeframe, fetcher, db, alert_manager)
    ~~~~~~~~~~~~~~~~~~~~~~~~^^^^^^^^^^^^^^^^^^^^^^^^^^^^^^^^^^^^^^^^^^^^^^^
  File "/home/tzahi/repo/trade/src/main.py", line 114, in process_symbol_timeframe
    latest_timestamp = db.get_latest_timestamp(symbol, timeframe)
  File "/home/tzahi/repo/trade/src/db/local_db.py", line 83, in get_latest_timestamp
    cursor = self.conn.execute(query, (symbol, timeframe))
sqlite3.ProgrammingError: SQLite objects created in a thread can only be used in that same thread. The object was created in thread id 125956076908992 and this is thread id 125956045051584.
2026-06-05 00:31:10 [INFO] Fetching GBPUSD 30m
2026-06-05 00:31:10 [ERROR] Failed to fetch GBPUSD 30m: SQLite objects created in a thread can only be used in that same thread. The object was created in thread id 125956076908992 and this is thread id 125956045051584.
Traceback (most recent call last):
  File "/home/tzahi/repo/trade/src/main.py", line 149, in fetch_job
    process_symbol_timeframe(symbol, timeframe, fetcher, db, alert_manager)
    ~~~~~~~~~~~~~~~~~~~~~~~~^^^^^^^^^^^^^^^^^^^^^^^^^^^^^^^^^^^^^^^^^^^^^^^
  File "/home/tzahi/repo/trade/src/main.py", line 114, in process_symbol_timeframe
    latest_timestamp = db.get_latest_timestamp(symbol, timeframe)
  File "/home/tzahi/repo/trade/src/db/local_db.py", line 83, in get_latest_timestamp
    cursor = self.conn.execute(query, (symbol, timeframe))
sqlite3.ProgrammingError: SQLite objects created in a thread can only be used in that same thread. The object was created in thread id 125956076908992 and this is thread id 125956045051584.
2026-06-05 00:31:10 [INFO] Fetching USDJPY 15m
2026-06-05 00:31:10 [ERROR] Failed to fetch USDJPY 15m: SQLite objects created in a thread can only be used in that same thread. The object was created in thread id 125956076908992 and this is thread id 125956045051584.
Traceback (most recent call last):
  File "/home/tzahi/repo/trade/src/main.py", line 149, in fetch_job
    process_symbol_timeframe(symbol, timeframe, fetcher, db, alert_manager)
    ~~~~~~~~~~~~~~~~~~~~~~~~^^^^^^^^^^^^^^^^^^^^^^^^^^^^^^^^^^^^^^^^^^^^^^^
  File "/home/tzahi/repo/trade/src/main.py", line 114, in process_symbol_timeframe
    latest_timestamp = db.get_latest_timestamp(symbol, timeframe)
  File "/home/tzahi/repo/trade/src/db/local_db.py", line 83, in get_latest_timestamp
    cursor = self.conn.execute(query, (symbol, timeframe))
sqlite3.ProgrammingError: SQLite objects created in a thread can only be used in that same thread. The object was created in thread id 125956076908992 and this is thread id 125956045051584.
2026-06-05 00:31:10 [INFO] Fetching USDJPY 30m
2026-06-05 00:31:10 [ERROR] Failed to fetch USDJPY 30m: SQLite objects created in a thread can only be used in that same thread. The object was created in thread id 125956076908992 and this is thread id 125956045051584.
Traceback (most recent call last):
  File "/home/tzahi/repo/trade/src/main.py", line 149, in fetch_job
    process_symbol_timeframe(symbol, timeframe, fetcher, db, alert_manager)
    ~~~~~~~~~~~~~~~~~~~~~~~~^^^^^^^^^^^^^^^^^^^^^^^^^^^^^^^^^^^^^^^^^^^^^^^
  File "/home/tzahi/repo/trade/src/main.py", line 114, in process_symbol_timeframe
    latest_timestamp = db.get_latest_timestamp(symbol, timeframe)
  File "/home/tzahi/repo/trade/src/db/local_db.py", line 83, in get_latest_timestamp
    cursor = self.conn.execute(query, (symbol, timeframe))
sqlite3.ProgrammingError: SQLite objects created in a thread can only be used in that same thread. The object was created in thread id 125956076908992 and this is thread id 125956045051584.
2026-06-05 00:31:10 [INFO] Job "fetch_job (trigger: cron[second='10'], next run at: 2026-06-05 00:32:10 IDT)" executed successfully
2026-06-05 00:32:10 [INFO] Running job "fetch_job (trigger: cron[second='10'], next run at: 2026-06-05 00:33:10 IDT)" (scheduled at 2026-06-05 00:32:10+03:00)
2026-06-05 00:32:10 [INFO] Job "fetch_job (trigger: cron[second='10'], next run at: 2026-06-05 00:33:10 IDT)" executed successfully
2026-06-05 00:33:10 [INFO] Running job "fetch_job (trigger: cron[second='10'], next run at: 2026-06-05 00:34:10 IDT)" (scheduled at 2026-06-05 00:33:10+03:00)
2026-06-05 00:33:10 [INFO] Job "fetch_job (trigger: cron[second='10'], next run at: 2026-06-05 00:34:10 IDT)" executed successfully
2026-06-05 00:34:10 [INFO] Running job "fetch_job (trigger: cron[second='10'], next run at: 2026-06-05 00:35:10 IDT)" (scheduled at 2026-06-05 00:34:10+03:00)
2026-06-05 00:34:10 [INFO] Job "fetch_job (trigger: cron[second='10'], next run at: 2026-06-05 00:35:10 IDT)" executed successfully
2026-06-05 00:35:10 [INFO] Running job "fetch_job (trigger: cron[second='10'], next run at: 2026-06-05 00:36:10 IDT)" (scheduled at 2026-06-05 00:35:10+03:00)
2026-06-05 00:35:10 [INFO] Job "fetch_job (trigger: cron[second='10'], next run at: 2026-06-05 00:36:10 IDT)" executed successfully
2026-06-05 00:36:10 [INFO] Running job "fetch_job (trigger: cron[second='10'], next run at: 2026-06-05 00:37:10 IDT)" (scheduled at 2026-06-05 00:36:10+03:00)
2026-06-05 00:36:10 [INFO] Job "fetch_job (trigger: cron[second='10'], next run at: 2026-06-05 00:37:10 IDT)" executed successfully
2026-06-05 00:37:10 [INFO] Running job "fetch_job (trigger: cron[second='10'], next run at: 2026-06-05 00:38:10 IDT)" (scheduled at 2026-06-05 00:37:10+03:00)
2026-06-05 00:37:10 [INFO] Job "fetch_job (trigger: cron[second='10'], next run at: 2026-06-05 00:38:10 IDT)" executed successfully
2026-06-05 00:38:10 [INFO] Running job "fetch_job (trigger: cron[second='10'], next run at: 2026-06-05 00:39:10 IDT)" (scheduled at 2026-06-05 00:38:10+03:00)
2026-06-05 00:38:10 [INFO] Job "fetch_job (trigger: cron[second='10'], next run at: 2026-06-05 00:39:10 IDT)" executed successfully
2026-06-05 00:38:30 [INFO] Running job "check_logs_job (trigger: interval[0:10:00], next run at: 2026-06-05 00:48:30 IDT)" (scheduled at 2026-06-05 00:38:30.150548+03:00)
2026-06-05 00:38:30 [WARNING] Log monitor detected issues but no notifier is configured.
2026-06-05 00:38:30 [INFO] Job "check_logs_job (trigger: interval[0:10:00], next run at: 2026-06-05 00:48:30 IDT)" executed successfully
2026-06-05 00:39:10 [INFO] Running job "fetch_job (trigger: cron[second='10'], next run at: 2026-06-05 00:40:10 IDT)" (scheduled at 2026-06-05 00:39:10+03:00)
2026-06-05 00:39:10 [INFO] Job "fetch_job (trigger: cron[second='10'], next run at: 2026-06-05 00:40:10 IDT)" executed successfully
2026-06-05 00:40:10 [INFO] Running job "fetch_job (trigger: cron[second='10'], next run at: 2026-06-05 00:41:10 IDT)" (scheduled at 2026-06-05 00:40:10+03:00)
2026-06-05 00:40:10 [INFO] Job "fetch_job (trigger: cron[second='10'], next run at: 2026-06-05 00:41:10 IDT)" executed successfully
2026-06-05 00:41:10 [INFO] Running job "fetch_job (trigger: cron[second='10'], next run at: 2026-06-05 00:42:10 IDT)" (scheduled at 2026-06-05 00:41:10+03:00)
2026-06-05 00:41:10 [INFO] Job "fetch_job (trigger: cron[second='10'], next run at: 2026-06-05 00:42:10 IDT)" executed successfully
2026-06-05 00:42:10 [INFO] Running job "fetch_job (trigger: cron[second='10'], next run at: 2026-06-05 00:43:10 IDT)" (scheduled at 2026-06-05 00:42:10+03:00)
2026-06-05 00:42:10 [INFO] Job "fetch_job (trigger: cron[second='10'], next run at: 2026-06-05 00:43:10 IDT)" executed successfully
2026-06-05 00:43:10 [INFO] Running job "fetch_job (trigger: cron[second='10'], next run at: 2026-06-05 00:44:10 IDT)" (scheduled at 2026-06-05 00:43:10+03:00)
2026-06-05 00:43:10 [INFO] Job "fetch_job (trigger: cron[second='10'], next run at: 2026-06-05 00:44:10 IDT)" executed successfully
2026-06-05 00:44:10 [INFO] Running job "fetch_job (trigger: cron[second='10'], next run at: 2026-06-05 00:45:10 IDT)" (scheduled at 2026-06-05 00:44:10+03:00)
2026-06-05 00:44:10 [INFO] Job "fetch_job (trigger: cron[second='10'], next run at: 2026-06-05 00:45:10 IDT)" executed successfully
2026-06-05 00:45:10 [INFO] Running job "fetch_job (trigger: cron[second='10'], next run at: 2026-06-05 00:46:10 IDT)" (scheduled at 2026-06-05 00:45:10+03:00)
2026-06-05 00:45:10 [INFO] Job "fetch_job (trigger: cron[second='10'], next run at: 2026-06-05 00:46:10 IDT)" executed successfully
2026-06-05 00:46:10 [INFO] Running job "fetch_job (trigger: cron[second='10'], next run at: 2026-06-05 00:47:10 IDT)" (scheduled at 2026-06-05 00:46:10+03:00)
2026-06-05 00:46:10 [INFO] Running scheduled fetch for timeframes: 15m
2026-06-05 00:46:10 [INFO] Fetching EURUSD 15m
2026-06-05 00:46:10 [ERROR] Failed to fetch EURUSD 15m: SQLite objects created in a thread can only be used in that same thread. The object was created in thread id 125956076908992 and this is thread id 125956045051584.
Traceback (most recent call last):
  File "/home/tzahi/repo/trade/src/main.py", line 149, in fetch_job
    process_symbol_timeframe(symbol, timeframe, fetcher, db, alert_manager)
    ~~~~~~~~~~~~~~~~~~~~~~~~^^^^^^^^^^^^^^^^^^^^^^^^^^^^^^^^^^^^^^^^^^^^^^^
  File "/home/tzahi/repo/trade/src/main.py", line 114, in process_symbol_timeframe
    latest_timestamp = db.get_latest_timestamp(symbol, timeframe)
  File "/home/tzahi/repo/trade/src/db/local_db.py", line 83, in get_latest_timestamp
    cursor = self.conn.execute(query, (symbol, timeframe))
sqlite3.ProgrammingError: SQLite objects created in a thread can only be used in that same thread. The object was created in thread id 125956076908992 and this is thread id 125956045051584.
2026-06-05 00:46:10 [INFO] Fetching GBPUSD 15m
2026-06-05 00:46:10 [ERROR] Failed to fetch GBPUSD 15m: SQLite objects created in a thread can only be used in that same thread. The object was created in thread id 125956076908992 and this is thread id 125956045051584.
Traceback (most recent call last):
  File "/home/tzahi/repo/trade/src/main.py", line 149, in fetch_job
    process_symbol_timeframe(symbol, timeframe, fetcher, db, alert_manager)
    ~~~~~~~~~~~~~~~~~~~~~~~~^^^^^^^^^^^^^^^^^^^^^^^^^^^^^^^^^^^^^^^^^^^^^^^
  File "/home/tzahi/repo/trade/src/main.py", line 114, in process_symbol_timeframe
    latest_timestamp = db.get_latest_timestamp(symbol, timeframe)
  File "/home/tzahi/repo/trade/src/db/local_db.py", line 83, in get_latest_timestamp
    cursor = self.conn.execute(query, (symbol, timeframe))
sqlite3.ProgrammingError: SQLite objects created in a thread can only be used in that same thread. The object was created in thread id 125956076908992 and this is thread id 125956045051584.
2026-06-05 00:46:10 [INFO] Fetching USDJPY 15m
2026-06-05 00:46:10 [ERROR] Failed to fetch USDJPY 15m: SQLite objects created in a thread can only be used in that same thread. The object was created in thread id 125956076908992 and this is thread id 125956045051584.
Traceback (most recent call last):
  File "/home/tzahi/repo/trade/src/main.py", line 149, in fetch_job
    process_symbol_timeframe(symbol, timeframe, fetcher, db, alert_manager)
    ~~~~~~~~~~~~~~~~~~~~~~~~^^^^^^^^^^^^^^^^^^^^^^^^^^^^^^^^^^^^^^^^^^^^^^^
  File "/home/tzahi/repo/trade/src/main.py", line 114, in process_symbol_timeframe
    latest_timestamp = db.get_latest_timestamp(symbol, timeframe)
  File "/home/tzahi/repo/trade/src/db/local_db.py", line 83, in get_latest_timestamp
    cursor = self.conn.execute(query, (symbol, timeframe))
sqlite3.ProgrammingError: SQLite objects created in a thread can only be used in that same thread. The object was created in thread id 125956076908992 and this is thread id 125956045051584.
2026-06-05 00:46:10 [INFO] Job "fetch_job (trigger: cron[second='10'], next run at: 2026-06-05 00:47:10 IDT)" executed successfully
2026-06-05 00:47:10 [INFO] Running job "fetch_job (trigger: cron[second='10'], next run at: 2026-06-05 00:48:10 IDT)" (scheduled at 2026-06-05 00:47:10+03:00)
2026-06-05 00:47:10 [INFO] Job "fetch_job (trigger: cron[second='10'], next run at: 2026-06-05 00:48:10 IDT)" executed successfully
2026-06-05 00:48:10 [INFO] Running job "fetch_job (trigger: cron[second='10'], next run at: 2026-06-05 00:49:10 IDT)" (scheduled at 2026-06-05 00:48:10+03:00)
2026-06-05 00:48:10 [INFO] Job "fetch_job (trigger: cron[second='10'], next run at: 2026-06-05 00:49:10 IDT)" executed successfully
2026-06-05 00:48:30 [INFO] Running job "check_logs_job (trigger: interval[0:10:00], next run at: 2026-06-05 00:58:30 IDT)" (scheduled at 2026-06-05 00:48:30.150548+03:00)
2026-06-05 00:48:30 [WARNING] Log monitor detected issues but no notifier is configured.
2026-06-05 00:48:30 [INFO] Job "check_logs_job (trigger: interval[0:10:00], next run at: 2026-06-05 00:58:30 IDT)" executed successfully
2026-06-05 00:49:10 [INFO] Running job "fetch_job (trigger: cron[second='10'], next run at: 2026-06-05 00:50:10 IDT)" (scheduled at 2026-06-05 00:49:10+03:00)
2026-06-05 00:49:10 [INFO] Job "fetch_job (trigger: cron[second='10'], next run at: 2026-06-05 00:50:10 IDT)" executed successfully
2026-06-05 00:50:10 [INFO] Running job "fetch_job (trigger: cron[second='10'], next run at: 2026-06-05 00:51:10 IDT)" (scheduled at 2026-06-05 00:50:10+03:00)
2026-06-05 00:50:10 [INFO] Job "fetch_job (trigger: cron[second='10'], next run at: 2026-06-05 00:51:10 IDT)" executed successfully
2026-06-05 00:51:10 [INFO] Running job "fetch_job (trigger: cron[second='10'], next run at: 2026-06-05 00:52:10 IDT)" (scheduled at 2026-06-05 00:51:10+03:00)
2026-06-05 00:51:10 [INFO] Job "fetch_job (trigger: cron[second='10'], next run at: 2026-06-05 00:52:10 IDT)" executed successfully
2026-06-05 00:52:10 [INFO] Running job "fetch_job (trigger: cron[second='10'], next run at: 2026-06-05 00:53:10 IDT)" (scheduled at 2026-06-05 00:52:10+03:00)
2026-06-05 00:52:10 [INFO] Job "fetch_job (trigger: cron[second='10'], next run at: 2026-06-05 00:53:10 IDT)" executed successfully
2026-06-05 00:53:10 [INFO] Running job "fetch_job (trigger: cron[second='10'], next run at: 2026-06-05 00:54:10 IDT)" (scheduled at 2026-06-05 00:53:10+03:00)
2026-06-05 00:53:10 [INFO] Job "fetch_job (trigger: cron[second='10'], next run at: 2026-06-05 00:54:10 IDT)" executed successfully
2026-06-05 00:54:10 [INFO] Running job "fetch_job (trigger: cron[second='10'], next run at: 2026-06-05 00:55:10 IDT)" (scheduled at 2026-06-05 00:54:10+03:00)
2026-06-05 00:54:10 [INFO] Job "fetch_job (trigger: cron[second='10'], next run at: 2026-06-05 00:55:10 IDT)" executed successfully
2026-06-05 00:55:10 [INFO] Running job "fetch_job (trigger: cron[second='10'], next run at: 2026-06-05 00:56:10 IDT)" (scheduled at 2026-06-05 00:55:10+03:00)
2026-06-05 00:55:10 [INFO] Job "fetch_job (trigger: cron[second='10'], next run at: 2026-06-05 00:56:10 IDT)" executed successfully
2026-06-05 00:56:10 [INFO] Running job "fetch_job (trigger: cron[second='10'], next run at: 2026-06-05 00:57:10 IDT)" (scheduled at 2026-06-05 00:56:10+03:00)
2026-06-05 00:56:10 [INFO] Job "fetch_job (trigger: cron[second='10'], next run at: 2026-06-05 00:57:10 IDT)" executed successfully
2026-06-05 00:57:10 [INFO] Running job "fetch_job (trigger: cron[second='10'], next run at: 2026-06-05 00:58:10 IDT)" (scheduled at 2026-06-05 00:57:10+03:00)
2026-06-05 00:57:10 [INFO] Job "fetch_job (trigger: cron[second='10'], next run at: 2026-06-05 00:58:10 IDT)" executed successfully
2026-06-05 00:58:10 [INFO] Running job "fetch_job (trigger: cron[second='10'], next run at: 2026-06-05 00:59:10 IDT)" (scheduled at 2026-06-05 00:58:10+03:00)
2026-06-05 00:58:10 [INFO] Job "fetch_job (trigger: cron[second='10'], next run at: 2026-06-05 00:59:10 IDT)" executed successfully
2026-06-05 00:58:30 [INFO] Running job "check_logs_job (trigger: interval[0:10:00], next run at: 2026-06-05 01:08:30 IDT)" (scheduled at 2026-06-05 00:58:30.150548+03:00)
2026-06-05 00:58:30 [WARNING] Log monitor detected issues but no notifier is configured.
2026-06-05 00:58:30 [INFO] Job "check_logs_job (trigger: interval[0:10:00], next run at: 2026-06-05 01:08:30 IDT)" executed successfully
2026-06-05 00:59:10 [INFO] Running job "fetch_job (trigger: cron[second='10'], next run at: 2026-06-05 01:00:10 IDT)" (scheduled at 2026-06-05 00:59:10+03:00)
2026-06-05 00:59:10 [INFO] Job "fetch_job (trigger: cron[second='10'], next run at: 2026-06-05 01:00:10 IDT)" executed successfully
2026-06-05 01:00:10 [INFO] Running job "fetch_job (trigger: cron[second='10'], next run at: 2026-06-05 01:01:10 IDT)" (scheduled at 2026-06-05 01:00:10+03:00)
2026-06-05 01:00:10 [INFO] Job "fetch_job (trigger: cron[second='10'], next run at: 2026-06-05 01:01:10 IDT)" executed successfully
2026-06-05 01:01:10 [INFO] Running job "fetch_job (trigger: cron[second='10'], next run at: 2026-06-05 01:02:10 IDT)" (scheduled at 2026-06-05 01:01:10+03:00)
2026-06-05 01:01:10 [INFO] Running scheduled fetch for timeframes: 15m, 30m, 1h
2026-06-05 01:01:10 [INFO] Fetching EURUSD 15m
2026-06-05 01:01:10 [ERROR] Failed to fetch EURUSD 15m: SQLite objects created in a thread can only be used in that same thread. The object was created in thread id 125956076908992 and this is thread id 125956045051584.
Traceback (most recent call last):
  File "/home/tzahi/repo/trade/src/main.py", line 149, in fetch_job
    process_symbol_timeframe(symbol, timeframe, fetcher, db, alert_manager)
    ~~~~~~~~~~~~~~~~~~~~~~~~^^^^^^^^^^^^^^^^^^^^^^^^^^^^^^^^^^^^^^^^^^^^^^^
  File "/home/tzahi/repo/trade/src/main.py", line 114, in process_symbol_timeframe
    latest_timestamp = db.get_latest_timestamp(symbol, timeframe)
  File "/home/tzahi/repo/trade/src/db/local_db.py", line 83, in get_latest_timestamp
    cursor = self.conn.execute(query, (symbol, timeframe))
sqlite3.ProgrammingError: SQLite objects created in a thread can only be used in that same thread. The object was created in thread id 125956076908992 and this is thread id 125956045051584.
2026-06-05 01:01:10 [INFO] Fetching EURUSD 30m
2026-06-05 01:01:10 [ERROR] Failed to fetch EURUSD 30m: SQLite objects created in a thread can only be used in that same thread. The object was created in thread id 125956076908992 and this is thread id 125956045051584.
Traceback (most recent call last):
  File "/home/tzahi/repo/trade/src/main.py", line 149, in fetch_job
    process_symbol_timeframe(symbol, timeframe, fetcher, db, alert_manager)
    ~~~~~~~~~~~~~~~~~~~~~~~~^^^^^^^^^^^^^^^^^^^^^^^^^^^^^^^^^^^^^^^^^^^^^^^
  File "/home/tzahi/repo/trade/src/main.py", line 114, in process_symbol_timeframe
    latest_timestamp = db.get_latest_timestamp(symbol, timeframe)
  File "/home/tzahi/repo/trade/src/db/local_db.py", line 83, in get_latest_timestamp
    cursor = self.conn.execute(query, (symbol, timeframe))
sqlite3.ProgrammingError: SQLite objects created in a thread can only be used in that same thread. The object was created in thread id 125956076908992 and this is thread id 125956045051584.
2026-06-05 01:01:10 [INFO] Fetching EURUSD 1h
2026-06-05 01:01:10 [ERROR] Failed to fetch EURUSD 1h: SQLite objects created in a thread can only be used in that same thread. The object was created in thread id 125956076908992 and this is thread id 125956045051584.
Traceback (most recent call last):
  File "/home/tzahi/repo/trade/src/main.py", line 149, in fetch_job
    process_symbol_timeframe(symbol, timeframe, fetcher, db, alert_manager)
    ~~~~~~~~~~~~~~~~~~~~~~~~^^^^^^^^^^^^^^^^^^^^^^^^^^^^^^^^^^^^^^^^^^^^^^^
  File "/home/tzahi/repo/trade/src/main.py", line 114, in process_symbol_timeframe
    latest_timestamp = db.get_latest_timestamp(symbol, timeframe)
  File "/home/tzahi/repo/trade/src/db/local_db.py", line 83, in get_latest_timestamp
    cursor = self.conn.execute(query, (symbol, timeframe))
sqlite3.ProgrammingError: SQLite objects created in a thread can only be used in that same thread. The object was created in thread id 125956076908992 and this is thread id 125956045051584.
2026-06-05 01:01:10 [INFO] Fetching GBPUSD 15m
2026-06-05 01:01:10 [ERROR] Failed to fetch GBPUSD 15m: SQLite objects created in a thread can only be used in that same thread. The object was created in thread id 125956076908992 and this is thread id 125956045051584.
Traceback (most recent call last):
  File "/home/tzahi/repo/trade/src/main.py", line 149, in fetch_job
    process_symbol_timeframe(symbol, timeframe, fetcher, db, alert_manager)
    ~~~~~~~~~~~~~~~~~~~~~~~~^^^^^^^^^^^^^^^^^^^^^^^^^^^^^^^^^^^^^^^^^^^^^^^
  File "/home/tzahi/repo/trade/src/main.py", line 114, in process_symbol_timeframe
    latest_timestamp = db.get_latest_timestamp(symbol, timeframe)
  File "/home/tzahi/repo/trade/src/db/local_db.py", line 83, in get_latest_timestamp
    cursor = self.conn.execute(query, (symbol, timeframe))
sqlite3.ProgrammingError: SQLite objects created in a thread can only be used in that same thread. The object was created in thread id 125956076908992 and this is thread id 125956045051584.
2026-06-05 01:01:10 [INFO] Fetching GBPUSD 30m
2026-06-05 01:01:10 [ERROR] Failed to fetch GBPUSD 30m: SQLite objects created in a thread can only be used in that same thread. The object was created in thread id 125956076908992 and this is thread id 125956045051584.
Traceback (most recent call last):
  File "/home/tzahi/repo/trade/src/main.py", line 149, in fetch_job
    process_symbol_timeframe(symbol, timeframe, fetcher, db, alert_manager)
    ~~~~~~~~~~~~~~~~~~~~~~~~^^^^^^^^^^^^^^^^^^^^^^^^^^^^^^^^^^^^^^^^^^^^^^^
  File "/home/tzahi/repo/trade/src/main.py", line 114, in process_symbol_timeframe
    latest_timestamp = db.get_latest_timestamp(symbol, timeframe)
  File "/home/tzahi/repo/trade/src/db/local_db.py", line 83, in get_latest_timestamp
    cursor = self.conn.execute(query, (symbol, timeframe))
sqlite3.ProgrammingError: SQLite objects created in a thread can only be used in that same thread. The object was created in thread id 125956076908992 and this is thread id 125956045051584.
2026-06-05 01:01:10 [INFO] Fetching GBPUSD 1h
2026-06-05 01:01:10 [ERROR] Failed to fetch GBPUSD 1h: SQLite objects created in a thread can only be used in that same thread. The object was created in thread id 125956076908992 and this is thread id 125956045051584.
Traceback (most recent call last):
  File "/home/tzahi/repo/trade/src/main.py", line 149, in fetch_job
    process_symbol_timeframe(symbol, timeframe, fetcher, db, alert_manager)
    ~~~~~~~~~~~~~~~~~~~~~~~~^^^^^^^^^^^^^^^^^^^^^^^^^^^^^^^^^^^^^^^^^^^^^^^
  File "/home/tzahi/repo/trade/src/main.py", line 114, in process_symbol_timeframe
    latest_timestamp = db.get_latest_timestamp(symbol, timeframe)
  File "/home/tzahi/repo/trade/src/db/local_db.py", line 83, in get_latest_timestamp
    cursor = self.conn.execute(query, (symbol, timeframe))
sqlite3.ProgrammingError: SQLite objects created in a thread can only be used in that same thread. The object was created in thread id 125956076908992 and this is thread id 125956045051584.
2026-06-05 01:01:10 [INFO] Fetching USDJPY 15m
2026-06-05 01:01:10 [ERROR] Failed to fetch USDJPY 15m: SQLite objects created in a thread can only be used in that same thread. The object was created in thread id 125956076908992 and this is thread id 125956045051584.
Traceback (most recent call last):
  File "/home/tzahi/repo/trade/src/main.py", line 149, in fetch_job
    process_symbol_timeframe(symbol, timeframe, fetcher, db, alert_manager)
    ~~~~~~~~~~~~~~~~~~~~~~~~^^^^^^^^^^^^^^^^^^^^^^^^^^^^^^^^^^^^^^^^^^^^^^^
  File "/home/tzahi/repo/trade/src/main.py", line 114, in process_symbol_timeframe
    latest_timestamp = db.get_latest_timestamp(symbol, timeframe)
  File "/home/tzahi/repo/trade/src/db/local_db.py", line 83, in get_latest_timestamp
    cursor = self.conn.execute(query, (symbol, timeframe))
sqlite3.ProgrammingError: SQLite objects created in a thread can only be used in that same thread. The object was created in thread id 125956076908992 and this is thread id 125956045051584.
2026-06-05 01:01:10 [INFO] Fetching USDJPY 30m
2026-06-05 01:01:10 [ERROR] Failed to fetch USDJPY 30m: SQLite objects created in a thread can only be used in that same thread. The object was created in thread id 125956076908992 and this is thread id 125956045051584.
Traceback (most recent call last):
  File "/home/tzahi/repo/trade/src/main.py", line 149, in fetch_job
    process_symbol_timeframe(symbol, timeframe, fetcher, db, alert_manager)
    ~~~~~~~~~~~~~~~~~~~~~~~~^^^^^^^^^^^^^^^^^^^^^^^^^^^^^^^^^^^^^^^^^^^^^^^
  File "/home/tzahi/repo/trade/src/main.py", line 114, in process_symbol_timeframe
    latest_timestamp = db.get_latest_timestamp(symbol, timeframe)
  File "/home/tzahi/repo/trade/src/db/local_db.py", line 83, in get_latest_timestamp
    cursor = self.conn.execute(query, (symbol, timeframe))
sqlite3.ProgrammingError: SQLite objects created in a thread can only be used in that same thread. The object was created in thread id 125956076908992 and this is thread id 125956045051584.
2026-06-05 01:01:10 [INFO] Fetching USDJPY 1h
2026-06-05 01:01:10 [ERROR] Failed to fetch USDJPY 1h: SQLite objects created in a thread can only be used in that same thread. The object was created in thread id 125956076908992 and this is thread id 125956045051584.
Traceback (most recent call last):
  File "/home/tzahi/repo/trade/src/main.py", line 149, in fetch_job
    process_symbol_timeframe(symbol, timeframe, fetcher, db, alert_manager)
    ~~~~~~~~~~~~~~~~~~~~~~~~^^^^^^^^^^^^^^^^^^^^^^^^^^^^^^^^^^^^^^^^^^^^^^^
  File "/home/tzahi/repo/trade/src/main.py", line 114, in process_symbol_timeframe
    latest_timestamp = db.get_latest_timestamp(symbol, timeframe)
  File "/home/tzahi/repo/trade/src/db/local_db.py", line 83, in get_latest_timestamp
    cursor = self.conn.execute(query, (symbol, timeframe))
sqlite3.ProgrammingError: SQLite objects created in a thread can only be used in that same thread. The object was created in thread id 125956076908992 and this is thread id 125956045051584.
2026-06-05 01:01:10 [INFO] Job "fetch_job (trigger: cron[second='10'], next run at: 2026-06-05 01:02:10 IDT)" executed successfully
2026-06-05 01:02:10 [INFO] Running job "fetch_job (trigger: cron[second='10'], next run at: 2026-06-05 01:03:10 IDT)" (scheduled at 2026-06-05 01:02:10+03:00)
2026-06-05 01:02:10 [INFO] Job "fetch_job (trigger: cron[second='10'], next run at: 2026-06-05 01:03:10 IDT)" executed successfully
2026-06-05 01:03:10 [INFO] Running job "fetch_job (trigger: cron[second='10'], next run at: 2026-06-05 01:04:10 IDT)" (scheduled at 2026-06-05 01:03:10+03:00)
2026-06-05 01:03:10 [INFO] Job "fetch_job (trigger: cron[second='10'], next run at: 2026-06-05 01:04:10 IDT)" executed successfully
2026-06-05 01:04:10 [INFO] Running job "fetch_job (trigger: cron[second='10'], next run at: 2026-06-05 01:05:10 IDT)" (scheduled at 2026-06-05 01:04:10+03:00)
2026-06-05 01:04:10 [INFO] Job "fetch_job (trigger: cron[second='10'], next run at: 2026-06-05 01:05:10 IDT)" executed successfully
2026-06-05 01:05:10 [INFO] Running job "fetch_job (trigger: cron[second='10'], next run at: 2026-06-05 01:06:10 IDT)" (scheduled at 2026-06-05 01:05:10+03:00)
2026-06-05 01:05:10 [INFO] Job "fetch_job (trigger: cron[second='10'], next run at: 2026-06-05 01:06:10 IDT)" executed successfully
2026-06-05 01:06:10 [INFO] Running job "fetch_job (trigger: cron[second='10'], next run at: 2026-06-05 01:07:10 IDT)" (scheduled at 2026-06-05 01:06:10+03:00)
2026-06-05 01:06:10 [INFO] Job "fetch_job (trigger: cron[second='10'], next run at: 2026-06-05 01:07:10 IDT)" executed successfully
2026-06-05 01:07:10 [INFO] Running job "fetch_job (trigger: cron[second='10'], next run at: 2026-06-05 01:08:10 IDT)" (scheduled at 2026-06-05 01:07:10+03:00)
2026-06-05 01:07:10 [INFO] Job "fetch_job (trigger: cron[second='10'], next run at: 2026-06-05 01:08:10 IDT)" executed successfully
2026-06-05 01:08:10 [INFO] Running job "fetch_job (trigger: cron[second='10'], next run at: 2026-06-05 01:09:10 IDT)" (scheduled at 2026-06-05 01:08:10+03:00)
2026-06-05 01:08:10 [INFO] Job "fetch_job (trigger: cron[second='10'], next run at: 2026-06-05 01:09:10 IDT)" executed successfully
2026-06-05 01:08:30 [INFO] Running job "check_logs_job (trigger: interval[0:10:00], next run at: 2026-06-05 01:18:30 IDT)" (scheduled at 2026-06-05 01:08:30.150548+03:00)
2026-06-05 01:08:30 [WARNING] Log monitor detected issues but no notifier is configured.
2026-06-05 01:08:30 [INFO] Job "check_logs_job (trigger: interval[0:10:00], next run at: 2026-06-05 01:18:30 IDT)" executed successfully
2026-06-05 01:09:10 [INFO] Running job "fetch_job (trigger: cron[second='10'], next run at: 2026-06-05 01:10:10 IDT)" (scheduled at 2026-06-05 01:09:10+03:00)
2026-06-05 01:09:10 [INFO] Job "fetch_job (trigger: cron[second='10'], next run at: 2026-06-05 01:10:10 IDT)" executed successfully
2026-06-05 01:10:10 [INFO] Running job "fetch_job (trigger: cron[second='10'], next run at: 2026-06-05 01:11:10 IDT)" (scheduled at 2026-06-05 01:10:10+03:00)
2026-06-05 01:10:10 [INFO] Job "fetch_job (trigger: cron[second='10'], next run at: 2026-06-05 01:11:10 IDT)" executed successfully
2026-06-05 01:11:10 [INFO] Running job "fetch_job (trigger: cron[second='10'], next run at: 2026-06-05 01:12:10 IDT)" (scheduled at 2026-06-05 01:11:10+03:00)
2026-06-05 01:11:10 [INFO] Job "fetch_job (trigger: cron[second='10'], next run at: 2026-06-05 01:12:10 IDT)" executed successfully
2026-06-05 01:12:10 [INFO] Running job "fetch_job (trigger: cron[second='10'], next run at: 2026-06-05 01:13:10 IDT)" (scheduled at 2026-06-05 01:12:10+03:00)
2026-06-05 01:12:10 [INFO] Job "fetch_job (trigger: cron[second='10'], next run at: 2026-06-05 01:13:10 IDT)" executed successfully
2026-06-05 01:13:10 [INFO] Running job "fetch_job (trigger: cron[second='10'], next run at: 2026-06-05 01:14:10 IDT)" (scheduled at 2026-06-05 01:13:10+03:00)
2026-06-05 01:13:10 [INFO] Job "fetch_job (trigger: cron[second='10'], next run at: 2026-06-05 01:14:10 IDT)" executed successfully
2026-06-05 01:14:10 [INFO] Running job "fetch_job (trigger: cron[second='10'], next run at: 2026-06-05 01:15:10 IDT)" (scheduled at 2026-06-05 01:14:10+03:00)
2026-06-05 01:14:10 [INFO] Job "fetch_job (trigger: cron[second='10'], next run at: 2026-06-05 01:15:10 IDT)" executed successfully
2026-06-05 01:15:10 [INFO] Running job "fetch_job (trigger: cron[second='10'], next run at: 2026-06-05 01:16:10 IDT)" (scheduled at 2026-06-05 01:15:10+03:00)
2026-06-05 01:15:10 [INFO] Job "fetch_job (trigger: cron[second='10'], next run at: 2026-06-05 01:16:10 IDT)" executed successfully
2026-06-05 01:16:10 [INFO] Running job "fetch_job (trigger: cron[second='10'], next run at: 2026-06-05 01:17:10 IDT)" (scheduled at 2026-06-05 01:16:10+03:00)
2026-06-05 01:16:10 [INFO] Running scheduled fetch for timeframes: 15m
2026-06-05 01:16:10 [INFO] Fetching EURUSD 15m
2026-06-05 01:16:10 [ERROR] Failed to fetch EURUSD 15m: SQLite objects created in a thread can only be used in that same thread. The object was created in thread id 125956076908992 and this is thread id 125956045051584.
Traceback (most recent call last):
  File "/home/tzahi/repo/trade/src/main.py", line 149, in fetch_job
    process_symbol_timeframe(symbol, timeframe, fetcher, db, alert_manager)
    ~~~~~~~~~~~~~~~~~~~~~~~~^^^^^^^^^^^^^^^^^^^^^^^^^^^^^^^^^^^^^^^^^^^^^^^
  File "/home/tzahi/repo/trade/src/main.py", line 114, in process_symbol_timeframe
    latest_timestamp = db.get_latest_timestamp(symbol, timeframe)
  File "/home/tzahi/repo/trade/src/db/local_db.py", line 83, in get_latest_timestamp
    cursor = self.conn.execute(query, (symbol, timeframe))
sqlite3.ProgrammingError: SQLite objects created in a thread can only be used in that same thread. The object was created in thread id 125956076908992 and this is thread id 125956045051584.
2026-06-05 01:16:10 [INFO] Fetching GBPUSD 15m
2026-06-05 01:16:10 [ERROR] Failed to fetch GBPUSD 15m: SQLite objects created in a thread can only be used in that same thread. The object was created in thread id 125956076908992 and this is thread id 125956045051584.
Traceback (most recent call last):
  File "/home/tzahi/repo/trade/src/main.py", line 149, in fetch_job
    process_symbol_timeframe(symbol, timeframe, fetcher, db, alert_manager)
    ~~~~~~~~~~~~~~~~~~~~~~~~^^^^^^^^^^^^^^^^^^^^^^^^^^^^^^^^^^^^^^^^^^^^^^^
  File "/home/tzahi/repo/trade/src/main.py", line 114, in process_symbol_timeframe
    latest_timestamp = db.get_latest_timestamp(symbol, timeframe)
  File "/home/tzahi/repo/trade/src/db/local_db.py", line 83, in get_latest_timestamp
    cursor = self.conn.execute(query, (symbol, timeframe))
sqlite3.ProgrammingError: SQLite objects created in a thread can only be used in that same thread. The object was created in thread id 125956076908992 and this is thread id 125956045051584.
2026-06-05 01:16:10 [INFO] Fetching USDJPY 15m
2026-06-05 01:16:10 [ERROR] Failed to fetch USDJPY 15m: SQLite objects created in a thread can only be used in that same thread. The object was created in thread id 125956076908992 and this is thread id 125956045051584.
Traceback (most recent call last):
  File "/home/tzahi/repo/trade/src/main.py", line 149, in fetch_job
    process_symbol_timeframe(symbol, timeframe, fetcher, db, alert_manager)
    ~~~~~~~~~~~~~~~~~~~~~~~~^^^^^^^^^^^^^^^^^^^^^^^^^^^^^^^^^^^^^^^^^^^^^^^
  File "/home/tzahi/repo/trade/src/main.py", line 114, in process_symbol_timeframe
    latest_timestamp = db.get_latest_timestamp(symbol, timeframe)
  File "/home/tzahi/repo/trade/src/db/local_db.py", line 83, in get_latest_timestamp
    cursor = self.conn.execute(query, (symbol, timeframe))
sqlite3.ProgrammingError: SQLite objects created in a thread can only be used in that same thread. The object was created in thread id 125956076908992 and this is thread id 125956045051584.
2026-06-05 01:16:10 [INFO] Job "fetch_job (trigger: cron[second='10'], next run at: 2026-06-05 01:17:10 IDT)" executed successfully
2026-06-05 01:17:10 [INFO] Running job "fetch_job (trigger: cron[second='10'], next run at: 2026-06-05 01:18:10 IDT)" (scheduled at 2026-06-05 01:17:10+03:00)
2026-06-05 01:17:10 [INFO] Job "fetch_job (trigger: cron[second='10'], next run at: 2026-06-05 01:18:10 IDT)" executed successfully
2026-06-05 01:18:10 [INFO] Running job "fetch_job (trigger: cron[second='10'], next run at: 2026-06-05 01:19:10 IDT)" (scheduled at 2026-06-05 01:18:10+03:00)
2026-06-05 01:18:10 [INFO] Job "fetch_job (trigger: cron[second='10'], next run at: 2026-06-05 01:19:10 IDT)" executed successfully
2026-06-05 01:18:30 [INFO] Running job "check_logs_job (trigger: interval[0:10:00], next run at: 2026-06-05 01:28:30 IDT)" (scheduled at 2026-06-05 01:18:30.150548+03:00)
2026-06-05 01:18:30 [WARNING] Log monitor detected issues but no notifier is configured.
2026-06-05 01:18:30 [INFO] Job "check_logs_job (trigger: interval[0:10:00], next run at: 2026-06-05 01:28:30 IDT)" executed successfully
2026-06-05 01:19:10 [INFO] Running job "fetch_job (trigger: cron[second='10'], next run at: 2026-06-05 01:20:10 IDT)" (scheduled at 2026-06-05 01:19:10+03:00)
2026-06-05 01:19:10 [INFO] Job "fetch_job (trigger: cron[second='10'], next run at: 2026-06-05 01:20:10 IDT)" executed successfully
2026-06-05 01:20:10 [INFO] Running job "fetch_job (trigger: cron[second='10'], next run at: 2026-06-05 01:21:10 IDT)" (scheduled at 2026-06-05 01:20:10+03:00)
2026-06-05 01:20:10 [INFO] Job "fetch_job (trigger: cron[second='10'], next run at: 2026-06-05 01:21:10 IDT)" executed successfully
2026-06-05 01:21:10 [INFO] Running job "fetch_job (trigger: cron[second='10'], next run at: 2026-06-05 01:22:10 IDT)" (scheduled at 2026-06-05 01:21:10+03:00)
2026-06-05 01:21:10 [INFO] Job "fetch_job (trigger: cron[second='10'], next run at: 2026-06-05 01:22:10 IDT)" executed successfully
2026-06-05 01:22:10 [INFO] Running job "fetch_job (trigger: cron[second='10'], next run at: 2026-06-05 01:23:10 IDT)" (scheduled at 2026-06-05 01:22:10+03:00)
2026-06-05 01:22:10 [INFO] Job "fetch_job (trigger: cron[second='10'], next run at: 2026-06-05 01:23:10 IDT)" executed successfully
2026-06-05 01:23:10 [INFO] Running job "fetch_job (trigger: cron[second='10'], next run at: 2026-06-05 01:24:10 IDT)" (scheduled at 2026-06-05 01:23:10+03:00)
2026-06-05 01:23:10 [INFO] Job "fetch_job (trigger: cron[second='10'], next run at: 2026-06-05 01:24:10 IDT)" executed successfully
2026-06-05 01:24:10 [INFO] Running job "fetch_job (trigger: cron[second='10'], next run at: 2026-06-05 01:25:10 IDT)" (scheduled at 2026-06-05 01:24:10+03:00)
2026-06-05 01:24:10 [INFO] Job "fetch_job (trigger: cron[second='10'], next run at: 2026-06-05 01:25:10 IDT)" executed successfully
2026-06-05 01:25:10 [INFO] Running job "fetch_job (trigger: cron[second='10'], next run at: 2026-06-05 01:26:10 IDT)" (scheduled at 2026-06-05 01:25:10+03:00)
2026-06-05 01:25:10 [INFO] Job "fetch_job (trigger: cron[second='10'], next run at: 2026-06-05 01:26:10 IDT)" executed successfully
2026-06-05 01:26:10 [INFO] Running job "fetch_job (trigger: cron[second='10'], next run at: 2026-06-05 01:27:10 IDT)" (scheduled at 2026-06-05 01:26:10+03:00)
2026-06-05 01:26:10 [INFO] Job "fetch_job (trigger: cron[second='10'], next run at: 2026-06-05 01:27:10 IDT)" executed successfully
2026-06-05 01:27:10 [INFO] Running job "fetch_job (trigger: cron[second='10'], next run at: 2026-06-05 01:28:10 IDT)" (scheduled at 2026-06-05 01:27:10+03:00)
2026-06-05 01:27:10 [INFO] Job "fetch_job (trigger: cron[second='10'], next run at: 2026-06-05 01:28:10 IDT)" executed successfully
2026-06-05 01:28:10 [INFO] Running job "fetch_job (trigger: cron[second='10'], next run at: 2026-06-05 01:29:10 IDT)" (scheduled at 2026-06-05 01:28:10+03:00)
2026-06-05 01:28:10 [INFO] Job "fetch_job (trigger: cron[second='10'], next run at: 2026-06-05 01:29:10 IDT)" executed successfully
2026-06-05 01:28:30 [INFO] Running job "check_logs_job (trigger: interval[0:10:00], next run at: 2026-06-05 01:38:30 IDT)" (scheduled at 2026-06-05 01:28:30.150548+03:00)
2026-06-05 01:28:30 [WARNING] Log monitor detected issues but no notifier is configured.
2026-06-05 01:28:30 [INFO] Job "check_logs_job (trigger: interval[0:10:00], next run at: 2026-06-05 01:38:30 IDT)" executed successfully
2026-06-05 01:29:10 [INFO] Running job "fetch_job (trigger: cron[second='10'], next run at: 2026-06-05 01:30:10 IDT)" (scheduled at 2026-06-05 01:29:10+03:00)
2026-06-05 01:29:10 [INFO] Job "fetch_job (trigger: cron[second='10'], next run at: 2026-06-05 01:30:10 IDT)" executed successfully
2026-06-05 01:30:10 [INFO] Running job "fetch_job (trigger: cron[second='10'], next run at: 2026-06-05 01:31:10 IDT)" (scheduled at 2026-06-05 01:30:10+03:00)
2026-06-05 01:30:10 [INFO] Job "fetch_job (trigger: cron[second='10'], next run at: 2026-06-05 01:31:10 IDT)" executed successfully
2026-06-05 01:31:10 [INFO] Running job "fetch_job (trigger: cron[second='10'], next run at: 2026-06-05 01:32:10 IDT)" (scheduled at 2026-06-05 01:31:10+03:00)
2026-06-05 01:31:10 [INFO] Running scheduled fetch for timeframes: 15m, 30m
2026-06-05 01:31:10 [INFO] Fetching EURUSD 15m
2026-06-05 01:31:10 [ERROR] Failed to fetch EURUSD 15m: SQLite objects created in a thread can only be used in that same thread. The object was created in thread id 125956076908992 and this is thread id 125956045051584.
Traceback (most recent call last):
  File "/home/tzahi/repo/trade/src/main.py", line 149, in fetch_job
    process_symbol_timeframe(symbol, timeframe, fetcher, db, alert_manager)
    ~~~~~~~~~~~~~~~~~~~~~~~~^^^^^^^^^^^^^^^^^^^^^^^^^^^^^^^^^^^^^^^^^^^^^^^
  File "/home/tzahi/repo/trade/src/main.py", line 114, in process_symbol_timeframe
    latest_timestamp = db.get_latest_timestamp(symbol, timeframe)
  File "/home/tzahi/repo/trade/src/db/local_db.py", line 83, in get_latest_timestamp
    cursor = self.conn.execute(query, (symbol, timeframe))
sqlite3.ProgrammingError: SQLite objects created in a thread can only be used in that same thread. The object was created in thread id 125956076908992 and this is thread id 125956045051584.
2026-06-05 01:31:10 [INFO] Fetching EURUSD 30m
2026-06-05 01:31:10 [ERROR] Failed to fetch EURUSD 30m: SQLite objects created in a thread can only be used in that same thread. The object was created in thread id 125956076908992 and this is thread id 125956045051584.
Traceback (most recent call last):
  File "/home/tzahi/repo/trade/src/main.py", line 149, in fetch_job
    process_symbol_timeframe(symbol, timeframe, fetcher, db, alert_manager)
    ~~~~~~~~~~~~~~~~~~~~~~~~^^^^^^^^^^^^^^^^^^^^^^^^^^^^^^^^^^^^^^^^^^^^^^^
  File "/home/tzahi/repo/trade/src/main.py", line 114, in process_symbol_timeframe
    latest_timestamp = db.get_latest_timestamp(symbol, timeframe)
  File "/home/tzahi/repo/trade/src/db/local_db.py", line 83, in get_latest_timestamp
    cursor = self.conn.execute(query, (symbol, timeframe))
sqlite3.ProgrammingError: SQLite objects created in a thread can only be used in that same thread. The object was created in thread id 125956076908992 and this is thread id 125956045051584.
2026-06-05 01:31:10 [INFO] Fetching GBPUSD 15m
2026-06-05 01:31:10 [ERROR] Failed to fetch GBPUSD 15m: SQLite objects created in a thread can only be used in that same thread. The object was created in thread id 125956076908992 and this is thread id 125956045051584.
Traceback (most recent call last):
  File "/home/tzahi/repo/trade/src/main.py", line 149, in fetch_job
    process_symbol_timeframe(symbol, timeframe, fetcher, db, alert_manager)
    ~~~~~~~~~~~~~~~~~~~~~~~~^^^^^^^^^^^^^^^^^^^^^^^^^^^^^^^^^^^^^^^^^^^^^^^
  File "/home/tzahi/repo/trade/src/main.py", line 114, in process_symbol_timeframe
    latest_timestamp = db.get_latest_timestamp(symbol, timeframe)
  File "/home/tzahi/repo/trade/src/db/local_db.py", line 83, in get_latest_timestamp
    cursor = self.conn.execute(query, (symbol, timeframe))
sqlite3.ProgrammingError: SQLite objects created in a thread can only be used in that same thread. The object was created in thread id 125956076908992 and this is thread id 125956045051584.
2026-06-05 01:31:10 [INFO] Fetching GBPUSD 30m
2026-06-05 01:31:10 [ERROR] Failed to fetch GBPUSD 30m: SQLite objects created in a thread can only be used in that same thread. The object was created in thread id 125956076908992 and this is thread id 125956045051584.
Traceback (most recent call last):
  File "/home/tzahi/repo/trade/src/main.py", line 149, in fetch_job
    process_symbol_timeframe(symbol, timeframe, fetcher, db, alert_manager)
    ~~~~~~~~~~~~~~~~~~~~~~~~^^^^^^^^^^^^^^^^^^^^^^^^^^^^^^^^^^^^^^^^^^^^^^^
  File "/home/tzahi/repo/trade/src/main.py", line 114, in process_symbol_timeframe
    latest_timestamp = db.get_latest_timestamp(symbol, timeframe)
  File "/home/tzahi/repo/trade/src/db/local_db.py", line 83, in get_latest_timestamp
    cursor = self.conn.execute(query, (symbol, timeframe))
sqlite3.ProgrammingError: SQLite objects created in a thread can only be used in that same thread. The object was created in thread id 125956076908992 and this is thread id 125956045051584.
2026-06-05 01:31:10 [INFO] Fetching USDJPY 15m
2026-06-05 01:31:10 [ERROR] Failed to fetch USDJPY 15m: SQLite objects created in a thread can only be used in that same thread. The object was created in thread id 125956076908992 and this is thread id 125956045051584.
Traceback (most recent call last):
  File "/home/tzahi/repo/trade/src/main.py", line 149, in fetch_job
    process_symbol_timeframe(symbol, timeframe, fetcher, db, alert_manager)
    ~~~~~~~~~~~~~~~~~~~~~~~~^^^^^^^^^^^^^^^^^^^^^^^^^^^^^^^^^^^^^^^^^^^^^^^
  File "/home/tzahi/repo/trade/src/main.py", line 114, in process_symbol_timeframe
    latest_timestamp = db.get_latest_timestamp(symbol, timeframe)
  File "/home/tzahi/repo/trade/src/db/local_db.py", line 83, in get_latest_timestamp
    cursor = self.conn.execute(query, (symbol, timeframe))
sqlite3.ProgrammingError: SQLite objects created in a thread can only be used in that same thread. The object was created in thread id 125956076908992 and this is thread id 125956045051584.
2026-06-05 01:31:10 [INFO] Fetching USDJPY 30m
2026-06-05 01:31:10 [ERROR] Failed to fetch USDJPY 30m: SQLite objects created in a thread can only be used in that same thread. The object was created in thread id 125956076908992 and this is thread id 125956045051584.
Traceback (most recent call last):
  File "/home/tzahi/repo/trade/src/main.py", line 149, in fetch_job
    process_symbol_timeframe(symbol, timeframe, fetcher, db, alert_manager)
    ~~~~~~~~~~~~~~~~~~~~~~~~^^^^^^^^^^^^^^^^^^^^^^^^^^^^^^^^^^^^^^^^^^^^^^^
  File "/home/tzahi/repo/trade/src/main.py", line 114, in process_symbol_timeframe
    latest_timestamp = db.get_latest_timestamp(symbol, timeframe)
  File "/home/tzahi/repo/trade/src/db/local_db.py", line 83, in get_latest_timestamp
    cursor = self.conn.execute(query, (symbol, timeframe))
sqlite3.ProgrammingError: SQLite objects created in a thread can only be used in that same thread. The object was created in thread id 125956076908992 and this is thread id 125956045051584.
2026-06-05 01:31:10 [INFO] Job "fetch_job (trigger: cron[second='10'], next run at: 2026-06-05 01:32:10 IDT)" executed successfully
2026-06-05 01:32:10 [INFO] Running job "fetch_job (trigger: cron[second='10'], next run at: 2026-06-05 01:33:10 IDT)" (scheduled at 2026-06-05 01:32:10+03:00)
2026-06-05 01:32:10 [INFO] Job "fetch_job (trigger: cron[second='10'], next run at: 2026-06-05 01:33:10 IDT)" executed successfully
2026-06-05 01:33:10 [INFO] Running job "fetch_job (trigger: cron[second='10'], next run at: 2026-06-05 01:34:10 IDT)" (scheduled at 2026-06-05 01:33:10+03:00)
2026-06-05 01:33:10 [INFO] Job "fetch_job (trigger: cron[second='10'], next run at: 2026-06-05 01:34:10 IDT)" executed successfully
2026-06-05 01:34:10 [INFO] Running job "fetch_job (trigger: cron[second='10'], next run at: 2026-06-05 01:35:10 IDT)" (scheduled at 2026-06-05 01:34:10+03:00)
2026-06-05 01:34:10 [INFO] Job "fetch_job (trigger: cron[second='10'], next run at: 2026-06-05 01:35:10 IDT)" executed successfully
2026-06-05 01:35:10 [INFO] Running job "fetch_job (trigger: cron[second='10'], next run at: 2026-06-05 01:36:10 IDT)" (scheduled at 2026-06-05 01:35:10+03:00)
2026-06-05 01:35:10 [INFO] Job "fetch_job (trigger: cron[second='10'], next run at: 2026-06-05 01:36:10 IDT)" executed successfully
2026-06-05 01:36:10 [INFO] Running job "fetch_job (trigger: cron[second='10'], next run at: 2026-06-05 01:37:10 IDT)" (scheduled at 2026-06-05 01:36:10+03:00)
2026-06-05 01:36:10 [INFO] Job "fetch_job (trigger: cron[second='10'], next run at: 2026-06-05 01:37:10 IDT)" executed successfully
2026-06-05 01:37:10 [INFO] Running job "fetch_job (trigger: cron[second='10'], next run at: 2026-06-05 01:38:10 IDT)" (scheduled at 2026-06-05 01:37:10+03:00)
2026-06-05 01:37:10 [INFO] Job "fetch_job (trigger: cron[second='10'], next run at: 2026-06-05 01:38:10 IDT)" executed successfully
2026-06-05 01:38:10 [INFO] Running job "fetch_job (trigger: cron[second='10'], next run at: 2026-06-05 01:39:10 IDT)" (scheduled at 2026-06-05 01:38:10+03:00)
2026-06-05 01:38:10 [INFO] Job "fetch_job (trigger: cron[second='10'], next run at: 2026-06-05 01:39:10 IDT)" executed successfully
2026-06-05 01:38:30 [INFO] Running job "check_logs_job (trigger: interval[0:10:00], next run at: 2026-06-05 01:48:30 IDT)" (scheduled at 2026-06-05 01:38:30.150548+03:00)
2026-06-05 01:38:30 [WARNING] Log monitor detected issues but no notifier is configured.
2026-06-05 01:38:30 [INFO] Job "check_logs_job (trigger: interval[0:10:00], next run at: 2026-06-05 01:48:30 IDT)" executed successfully
2026-06-05 01:39:10 [INFO] Running job "fetch_job (trigger: cron[second='10'], next run at: 2026-06-05 01:40:10 IDT)" (scheduled at 2026-06-05 01:39:10+03:00)
2026-06-05 01:39:10 [INFO] Job "fetch_job (trigger: cron[second='10'], next run at: 2026-06-05 01:40:10 IDT)" executed successfully
2026-06-05 01:40:10 [INFO] Running job "fetch_job (trigger: cron[second='10'], next run at: 2026-06-05 01:41:10 IDT)" (scheduled at 2026-06-05 01:40:10+03:00)
2026-06-05 01:40:10 [INFO] Job "fetch_job (trigger: cron[second='10'], next run at: 2026-06-05 01:41:10 IDT)" executed successfully
2026-06-05 01:41:10 [INFO] Running job "fetch_job (trigger: cron[second='10'], next run at: 2026-06-05 01:42:10 IDT)" (scheduled at 2026-06-05 01:41:10+03:00)
2026-06-05 01:41:10 [INFO] Job "fetch_job (trigger: cron[second='10'], next run at: 2026-06-05 01:42:10 IDT)" executed successfully
2026-06-05 01:42:10 [INFO] Running job "fetch_job (trigger: cron[second='10'], next run at: 2026-06-05 01:43:10 IDT)" (scheduled at 2026-06-05 01:42:10+03:00)
2026-06-05 01:42:10 [INFO] Job "fetch_job (trigger: cron[second='10'], next run at: 2026-06-05 01:43:10 IDT)" executed successfully
2026-06-05 01:43:10 [INFO] Running job "fetch_job (trigger: cron[second='10'], next run at: 2026-06-05 01:44:10 IDT)" (scheduled at 2026-06-05 01:43:10+03:00)
2026-06-05 01:43:10 [INFO] Job "fetch_job (trigger: cron[second='10'], next run at: 2026-06-05 01:44:10 IDT)" executed successfully
2026-06-05 01:44:10 [INFO] Running job "fetch_job (trigger: cron[second='10'], next run at: 2026-06-05 01:45:10 IDT)" (scheduled at 2026-06-05 01:44:10+03:00)
2026-06-05 01:44:10 [INFO] Job "fetch_job (trigger: cron[second='10'], next run at: 2026-06-05 01:45:10 IDT)" executed successfully
2026-06-05 01:45:10 [INFO] Running job "fetch_job (trigger: cron[second='10'], next run at: 2026-06-05 01:46:10 IDT)" (scheduled at 2026-06-05 01:45:10+03:00)
2026-06-05 01:45:10 [INFO] Job "fetch_job (trigger: cron[second='10'], next run at: 2026-06-05 01:46:10 IDT)" executed successfully
2026-06-05 01:46:10 [INFO] Running job "fetch_job (trigger: cron[second='10'], next run at: 2026-06-05 01:47:10 IDT)" (scheduled at 2026-06-05 01:46:10+03:00)
2026-06-05 01:46:10 [INFO] Running scheduled fetch for timeframes: 15m
2026-06-05 01:46:10 [INFO] Fetching EURUSD 15m
2026-06-05 01:46:10 [ERROR] Failed to fetch EURUSD 15m: SQLite objects created in a thread can only be used in that same thread. The object was created in thread id 125956076908992 and this is thread id 125956045051584.
Traceback (most recent call last):
  File "/home/tzahi/repo/trade/src/main.py", line 149, in fetch_job
    process_symbol_timeframe(symbol, timeframe, fetcher, db, alert_manager)
    ~~~~~~~~~~~~~~~~~~~~~~~~^^^^^^^^^^^^^^^^^^^^^^^^^^^^^^^^^^^^^^^^^^^^^^^
  File "/home/tzahi/repo/trade/src/main.py", line 114, in process_symbol_timeframe
    latest_timestamp = db.get_latest_timestamp(symbol, timeframe)
  File "/home/tzahi/repo/trade/src/db/local_db.py", line 83, in get_latest_timestamp
    cursor = self.conn.execute(query, (symbol, timeframe))
sqlite3.ProgrammingError: SQLite objects created in a thread can only be used in that same thread. The object was created in thread id 125956076908992 and this is thread id 125956045051584.
2026-06-05 01:46:10 [INFO] Fetching GBPUSD 15m
2026-06-05 01:46:10 [ERROR] Failed to fetch GBPUSD 15m: SQLite objects created in a thread can only be used in that same thread. The object was created in thread id 125956076908992 and this is thread id 125956045051584.
Traceback (most recent call last):
  File "/home/tzahi/repo/trade/src/main.py", line 149, in fetch_job
    process_symbol_timeframe(symbol, timeframe, fetcher, db, alert_manager)
    ~~~~~~~~~~~~~~~~~~~~~~~~^^^^^^^^^^^^^^^^^^^^^^^^^^^^^^^^^^^^^^^^^^^^^^^
  File "/home/tzahi/repo/trade/src/main.py", line 114, in process_symbol_timeframe
    latest_timestamp = db.get_latest_timestamp(symbol, timeframe)
  File "/home/tzahi/repo/trade/src/db/local_db.py", line 83, in get_latest_timestamp
    cursor = self.conn.execute(query, (symbol, timeframe))
sqlite3.ProgrammingError: SQLite objects created in a thread can only be used in that same thread. The object was created in thread id 125956076908992 and this is thread id 125956045051584.
2026-06-05 01:46:10 [INFO] Fetching USDJPY 15m
2026-06-05 01:46:10 [ERROR] Failed to fetch USDJPY 15m: SQLite objects created in a thread can only be used in that same thread. The object was created in thread id 125956076908992 and this is thread id 125956045051584.
Traceback (most recent call last):
  File "/home/tzahi/repo/trade/src/main.py", line 149, in fetch_job
    process_symbol_timeframe(symbol, timeframe, fetcher, db, alert_manager)
    ~~~~~~~~~~~~~~~~~~~~~~~~^^^^^^^^^^^^^^^^^^^^^^^^^^^^^^^^^^^^^^^^^^^^^^^
  File "/home/tzahi/repo/trade/src/main.py", line 114, in process_symbol_timeframe
    latest_timestamp = db.get_latest_timestamp(symbol, timeframe)
  File "/home/tzahi/repo/trade/src/db/local_db.py", line 83, in get_latest_timestamp
    cursor = self.conn.execute(query, (symbol, timeframe))
sqlite3.ProgrammingError: SQLite objects created in a thread can only be used in that same thread. The object was created in thread id 125956076908992 and this is thread id 125956045051584.
2026-06-05 01:46:10 [INFO] Job "fetch_job (trigger: cron[second='10'], next run at: 2026-06-05 01:47:10 IDT)" executed successfully
2026-06-05 01:47:10 [INFO] Running job "fetch_job (trigger: cron[second='10'], next run at: 2026-06-05 01:48:10 IDT)" (scheduled at 2026-06-05 01:47:10+03:00)
2026-06-05 01:47:10 [INFO] Job "fetch_job (trigger: cron[second='10'], next run at: 2026-06-05 01:48:10 IDT)" executed successfully
2026-06-05 01:48:10 [INFO] Running job "fetch_job (trigger: cron[second='10'], next run at: 2026-06-05 01:49:10 IDT)" (scheduled at 2026-06-05 01:48:10+03:00)
2026-06-05 01:48:10 [INFO] Job "fetch_job (trigger: cron[second='10'], next run at: 2026-06-05 01:49:10 IDT)" executed successfully
2026-06-05 01:48:30 [INFO] Running job "check_logs_job (trigger: interval[0:10:00], next run at: 2026-06-05 01:58:30 IDT)" (scheduled at 2026-06-05 01:48:30.150548+03:00)
2026-06-05 01:48:30 [WARNING] Log monitor detected issues but no notifier is configured.
2026-06-05 01:48:30 [INFO] Job "check_logs_job (trigger: interval[0:10:00], next run at: 2026-06-05 01:58:30 IDT)" executed successfully
2026-06-05 01:49:10 [INFO] Running job "fetch_job (trigger: cron[second='10'], next run at: 2026-06-05 01:50:10 IDT)" (scheduled at 2026-06-05 01:49:10+03:00)
2026-06-05 01:49:10 [INFO] Job "fetch_job (trigger: cron[second='10'], next run at: 2026-06-05 01:50:10 IDT)" executed successfully
2026-06-05 01:50:10 [INFO] Running job "fetch_job (trigger: cron[second='10'], next run at: 2026-06-05 01:51:10 IDT)" (scheduled at 2026-06-05 01:50:10+03:00)
2026-06-05 01:50:10 [INFO] Job "fetch_job (trigger: cron[second='10'], next run at: 2026-06-05 01:51:10 IDT)" executed successfully
2026-06-05 01:51:10 [INFO] Running job "fetch_job (trigger: cron[second='10'], next run at: 2026-06-05 01:52:10 IDT)" (scheduled at 2026-06-05 01:51:10+03:00)
2026-06-05 01:51:10 [INFO] Job "fetch_job (trigger: cron[second='10'], next run at: 2026-06-05 01:52:10 IDT)" executed successfully
2026-06-05 09:07:59 [INFO] Adding job tentatively -- it will be properly scheduled when the scheduler starts
2026-06-05 09:07:59 [INFO] Adding job tentatively -- it will be properly scheduled when the scheduler starts
2026-06-05 09:07:59 [INFO] Starting continuous fetch scheduler. Fetch check runs every minute at second 10.
2026-06-05 09:07:59 [INFO] Log rotation enabled: 12h interval, 4 backups (~48h retention)
2026-06-05 09:07:59 [INFO] Added job "fetch_job" to job store "default"
2026-06-05 09:07:59 [INFO] Added job "check_logs_job" to job store "default"
2026-06-05 09:07:59 [INFO] Scheduler started
2026-06-05 09:08:10 [INFO] Running job "fetch_job (trigger: cron[second='10'], next run at: 2026-06-05 09:08:10 IDT)" (scheduled at 2026-06-05 09:08:10+03:00)
2026-06-05 09:08:10 [INFO] Job "fetch_job (trigger: cron[second='10'], next run at: 2026-06-05 09:08:10 IDT)" executed successfully
2026-06-05 09:09:10 [INFO] Running job "fetch_job (trigger: cron[second='10'], next run at: 2026-06-05 09:10:10 IDT)" (scheduled at 2026-06-05 09:09:10+03:00)
2026-06-05 09:09:10 [INFO] Job "fetch_job (trigger: cron[second='10'], next run at: 2026-06-05 09:10:10 IDT)" executed successfully
2026-06-05 09:10:10 [INFO] Running job "fetch_job (trigger: cron[second='10'], next run at: 2026-06-05 09:11:10 IDT)" (scheduled at 2026-06-05 09:10:10+03:00)
2026-06-05 09:10:10 [INFO] Job "fetch_job (trigger: cron[second='10'], next run at: 2026-06-05 09:11:10 IDT)" executed successfully
2026-06-05 09:11:10 [INFO] Running job "fetch_job (trigger: cron[second='10'], next run at: 2026-06-05 09:12:10 IDT)" (scheduled at 2026-06-05 09:11:10+03:00)
2026-06-05 09:11:10 [INFO] Job "fetch_job (trigger: cron[second='10'], next run at: 2026-06-05 09:12:10 IDT)" executed successfully
2026-06-05 09:12:10 [INFO] Running job "fetch_job (trigger: cron[second='10'], next run at: 2026-06-05 09:13:10 IDT)" (scheduled at 2026-06-05 09:12:10+03:00)
2026-06-05 09:12:10 [INFO] Job "fetch_job (trigger: cron[second='10'], next run at: 2026-06-05 09:13:10 IDT)" executed successfully
2026-06-05 09:13:10 [INFO] Running job "fetch_job (trigger: cron[second='10'], next run at: 2026-06-05 09:14:10 IDT)" (scheduled at 2026-06-05 09:13:10+03:00)
2026-06-05 09:13:10 [INFO] Job "fetch_job (trigger: cron[second='10'], next run at: 2026-06-05 09:14:10 IDT)" executed successfully
2026-06-05 09:14:10 [INFO] Running job "fetch_job (trigger: cron[second='10'], next run at: 2026-06-05 09:15:10 IDT)" (scheduled at 2026-06-05 09:14:10+03:00)
2026-06-05 09:14:10 [INFO] Job "fetch_job (trigger: cron[second='10'], next run at: 2026-06-05 09:15:10 IDT)" executed successfully
2026-06-05 09:15:10 [INFO] Running job "fetch_job (trigger: cron[second='10'], next run at: 2026-06-05 09:16:10 IDT)" (scheduled at 2026-06-05 09:15:10+03:00)
2026-06-05 09:15:10 [INFO] Job "fetch_job (trigger: cron[second='10'], next run at: 2026-06-05 09:16:10 IDT)" executed successfully
2026-06-05 09:16:10 [INFO] Running job "fetch_job (trigger: cron[second='10'], next run at: 2026-06-05 09:17:10 IDT)" (scheduled at 2026-06-05 09:16:10+03:00)
2026-06-05 09:16:10 [INFO] Running scheduled fetch for timeframes: 15m
2026-06-05 09:16:10 [INFO] Fetching EURUSD 15m
2026-06-05 09:16:10 [ERROR] Failed to fetch EURUSD 15m: SQLite objects created in a thread can only be used in that same thread. The object was created in thread id 123974776156608 and this is thread id 123974744213184.
Traceback (most recent call last):
  File "/home/tzahi/repo/trade/src/main.py", line 149, in fetch_job
    process_symbol_timeframe(symbol, timeframe, fetcher, db, alert_manager)
    ~~~~~~~~~~~~~~~~~~~~~~~~^^^^^^^^^^^^^^^^^^^^^^^^^^^^^^^^^^^^^^^^^^^^^^^
  File "/home/tzahi/repo/trade/src/main.py", line 114, in process_symbol_timeframe
    latest_timestamp = db.get_latest_timestamp(symbol, timeframe)
  File "/home/tzahi/repo/trade/src/db/local_db.py", line 83, in get_latest_timestamp
    cursor = self.conn.execute(query, (symbol, timeframe))
sqlite3.ProgrammingError: SQLite objects created in a thread can only be used in that same thread. The object was created in thread id 123974776156608 and this is thread id 123974744213184.
2026-06-05 09:16:10 [INFO] Fetching GBPUSD 15m
2026-06-05 09:16:10 [ERROR] Failed to fetch GBPUSD 15m: SQLite objects created in a thread can only be used in that same thread. The object was created in thread id 123974776156608 and this is thread id 123974744213184.
Traceback (most recent call last):
  File "/home/tzahi/repo/trade/src/main.py", line 149, in fetch_job
    process_symbol_timeframe(symbol, timeframe, fetcher, db, alert_manager)
    ~~~~~~~~~~~~~~~~~~~~~~~~^^^^^^^^^^^^^^^^^^^^^^^^^^^^^^^^^^^^^^^^^^^^^^^
  File "/home/tzahi/repo/trade/src/main.py", line 114, in process_symbol_timeframe
    latest_timestamp = db.get_latest_timestamp(symbol, timeframe)
  File "/home/tzahi/repo/trade/src/db/local_db.py", line 83, in get_latest_timestamp
    cursor = self.conn.execute(query, (symbol, timeframe))
sqlite3.ProgrammingError: SQLite objects created in a thread can only be used in that same thread. The object was created in thread id 123974776156608 and this is thread id 123974744213184.
2026-06-05 09:16:10 [INFO] Fetching USDJPY 15m
2026-06-05 09:16:10 [ERROR] Failed to fetch USDJPY 15m: SQLite objects created in a thread can only be used in that same thread. The object was created in thread id 123974776156608 and this is thread id 123974744213184.
Traceback (most recent call last):
  File "/home/tzahi/repo/trade/src/main.py", line 149, in fetch_job
    process_symbol_timeframe(symbol, timeframe, fetcher, db, alert_manager)
    ~~~~~~~~~~~~~~~~~~~~~~~~^^^^^^^^^^^^^^^^^^^^^^^^^^^^^^^^^^^^^^^^^^^^^^^
  File "/home/tzahi/repo/trade/src/main.py", line 114, in process_symbol_timeframe
    latest_timestamp = db.get_latest_timestamp(symbol, timeframe)
  File "/home/tzahi/repo/trade/src/db/local_db.py", line 83, in get_latest_timestamp
    cursor = self.conn.execute(query, (symbol, timeframe))
sqlite3.ProgrammingError: SQLite objects created in a thread can only be used in that same thread. The object was created in thread id 123974776156608 and this is thread id 123974744213184.
2026-06-05 09:16:10 [INFO] Job "fetch_job (trigger: cron[second='10'], next run at: 2026-06-05 09:17:10 IDT)" executed successfully
2026-06-05 09:17:10 [INFO] Running job "fetch_job (trigger: cron[second='10'], next run at: 2026-06-05 09:18:10 IDT)" (scheduled at 2026-06-05 09:17:10+03:00)
2026-06-05 09:17:10 [INFO] Job "fetch_job (trigger: cron[second='10'], next run at: 2026-06-05 09:18:10 IDT)" executed successfully
2026-06-05 09:17:59 [INFO] Running job "check_logs_job (trigger: interval[0:10:00], next run at: 2026-06-05 09:27:59 IDT)" (scheduled at 2026-06-05 09:17:59.179978+03:00)
2026-06-05 09:17:59 [WARNING] Log monitor detected issues but no notifier is configured.
2026-06-05 09:17:59 [INFO] Job "check_logs_job (trigger: interval[0:10:00], next run at: 2026-06-05 09:27:59 IDT)" executed successfully
2026-06-05 09:18:10 [INFO] Running job "fetch_job (trigger: cron[second='10'], next run at: 2026-06-05 09:19:10 IDT)" (scheduled at 2026-06-05 09:18:10+03:00)
2026-06-05 09:18:10 [INFO] Job "fetch_job (trigger: cron[second='10'], next run at: 2026-06-05 09:19:10 IDT)" executed successfully
2026-06-05 09:19:10 [INFO] Running job "fetch_job (trigger: cron[second='10'], next run at: 2026-06-05 09:20:10 IDT)" (scheduled at 2026-06-05 09:19:10+03:00)
2026-06-05 09:19:10 [INFO] Job "fetch_job (trigger: cron[second='10'], next run at: 2026-06-05 09:20:10 IDT)" executed successfully
2026-06-05 09:20:10 [INFO] Running job "fetch_job (trigger: cron[second='10'], next run at: 2026-06-05 09:21:10 IDT)" (scheduled at 2026-06-05 09:20:10+03:00)
2026-06-05 09:20:10 [INFO] Job "fetch_job (trigger: cron[second='10'], next run at: 2026-06-05 09:21:10 IDT)" executed successfully
2026-06-05 09:21:10 [INFO] Running job "fetch_job (trigger: cron[second='10'], next run at: 2026-06-05 09:22:10 IDT)" (scheduled at 2026-06-05 09:21:10+03:00)
2026-06-05 09:21:10 [INFO] Job "fetch_job (trigger: cron[second='10'], next run at: 2026-06-05 09:22:10 IDT)" executed successfully
2026-06-05 09:22:10 [INFO] Running job "fetch_job (trigger: cron[second='10'], next run at: 2026-06-05 09:23:10 IDT)" (scheduled at 2026-06-05 09:22:10+03:00)
2026-06-05 09:22:10 [INFO] Job "fetch_job (trigger: cron[second='10'], next run at: 2026-06-05 09:23:10 IDT)" executed successfully
2026-06-05 09:23:10 [INFO] Running job "fetch_job (trigger: cron[second='10'], next run at: 2026-06-05 09:24:10 IDT)" (scheduled at 2026-06-05 09:23:10+03:00)
2026-06-05 09:23:10 [INFO] Job "fetch_job (trigger: cron[second='10'], next run at: 2026-06-05 09:24:10 IDT)" executed successfully
2026-06-05 09:24:10 [INFO] Running job "fetch_job (trigger: cron[second='10'], next run at: 2026-06-05 09:25:10 IDT)" (scheduled at 2026-06-05 09:24:10+03:00)
2026-06-05 09:24:10 [INFO] Job "fetch_job (trigger: cron[second='10'], next run at: 2026-06-05 09:25:10 IDT)" executed successfully
2026-06-05 09:25:10 [INFO] Running job "fetch_job (trigger: cron[second='10'], next run at: 2026-06-05 09:26:10 IDT)" (scheduled at 2026-06-05 09:25:10+03:00)
2026-06-05 09:25:10 [INFO] Job "fetch_job (trigger: cron[second='10'], next run at: 2026-06-05 09:26:10 IDT)" executed successfully
2026-06-05 09:26:10 [INFO] Running job "fetch_job (trigger: cron[second='10'], next run at: 2026-06-05 09:27:10 IDT)" (scheduled at 2026-06-05 09:26:10+03:00)
2026-06-05 09:26:10 [INFO] Job "fetch_job (trigger: cron[second='10'], next run at: 2026-06-05 09:27:10 IDT)" executed successfully
2026-06-05 09:27:10 [INFO] Running job "fetch_job (trigger: cron[second='10'], next run at: 2026-06-05 09:28:10 IDT)" (scheduled at 2026-06-05 09:27:10+03:00)
2026-06-05 09:27:10 [INFO] Job "fetch_job (trigger: cron[second='10'], next run at: 2026-06-05 09:28:10 IDT)" executed successfully
2026-06-05 09:27:59 [INFO] Running job "check_logs_job (trigger: interval[0:10:00], next run at: 2026-06-05 09:37:59 IDT)" (scheduled at 2026-06-05 09:27:59.179978+03:00)
2026-06-05 09:27:59 [WARNING] Log monitor detected issues but no notifier is configured.
2026-06-05 09:27:59 [INFO] Job "check_logs_job (trigger: interval[0:10:00], next run at: 2026-06-05 09:37:59 IDT)" executed successfully
2026-06-05 09:28:10 [INFO] Running job "fetch_job (trigger: cron[second='10'], next run at: 2026-06-05 09:29:10 IDT)" (scheduled at 2026-06-05 09:28:10+03:00)
2026-06-05 09:28:10 [INFO] Job "fetch_job (trigger: cron[second='10'], next run at: 2026-06-05 09:29:10 IDT)" executed successfully
2026-06-05 09:29:10 [INFO] Running job "fetch_job (trigger: cron[second='10'], next run at: 2026-06-05 09:30:10 IDT)" (scheduled at 2026-06-05 09:29:10+03:00)
2026-06-05 09:29:10 [INFO] Job "fetch_job (trigger: cron[second='10'], next run at: 2026-06-05 09:30:10 IDT)" executed successfully
2026-06-05 09:30:10 [INFO] Running job "fetch_job (trigger: cron[second='10'], next run at: 2026-06-05 09:31:10 IDT)" (scheduled at 2026-06-05 09:30:10+03:00)
2026-06-05 09:30:10 [INFO] Job "fetch_job (trigger: cron[second='10'], next run at: 2026-06-05 09:31:10 IDT)" executed successfully
2026-06-05 09:31:10 [INFO] Running job "fetch_job (trigger: cron[second='10'], next run at: 2026-06-05 09:32:10 IDT)" (scheduled at 2026-06-05 09:31:10+03:00)
2026-06-05 09:31:10 [INFO] Running scheduled fetch for timeframes: 15m, 30m
2026-06-05 09:31:10 [INFO] Fetching EURUSD 15m
2026-06-05 09:31:10 [ERROR] Failed to fetch EURUSD 15m: SQLite objects created in a thread can only be used in that same thread. The object was created in thread id 123974776156608 and this is thread id 123974744213184.
Traceback (most recent call last):
  File "/home/tzahi/repo/trade/src/main.py", line 149, in fetch_job
    process_symbol_timeframe(symbol, timeframe, fetcher, db, alert_manager)
    ~~~~~~~~~~~~~~~~~~~~~~~~^^^^^^^^^^^^^^^^^^^^^^^^^^^^^^^^^^^^^^^^^^^^^^^
  File "/home/tzahi/repo/trade/src/main.py", line 114, in process_symbol_timeframe
    latest_timestamp = db.get_latest_timestamp(symbol, timeframe)
  File "/home/tzahi/repo/trade/src/db/local_db.py", line 83, in get_latest_timestamp
    cursor = self.conn.execute(query, (symbol, timeframe))
sqlite3.ProgrammingError: SQLite objects created in a thread can only be used in that same thread. The object was created in thread id 123974776156608 and this is thread id 123974744213184.
2026-06-05 09:31:10 [INFO] Fetching EURUSD 30m
2026-06-05 09:31:10 [ERROR] Failed to fetch EURUSD 30m: SQLite objects created in a thread can only be used in that same thread. The object was created in thread id 123974776156608 and this is thread id 123974744213184.
Traceback (most recent call last):
  File "/home/tzahi/repo/trade/src/main.py", line 149, in fetch_job
    process_symbol_timeframe(symbol, timeframe, fetcher, db, alert_manager)
    ~~~~~~~~~~~~~~~~~~~~~~~~^^^^^^^^^^^^^^^^^^^^^^^^^^^^^^^^^^^^^^^^^^^^^^^
  File "/home/tzahi/repo/trade/src/main.py", line 114, in process_symbol_timeframe
    latest_timestamp = db.get_latest_timestamp(symbol, timeframe)
  File "/home/tzahi/repo/trade/src/db/local_db.py", line 83, in get_latest_timestamp
    cursor = self.conn.execute(query, (symbol, timeframe))
sqlite3.ProgrammingError: SQLite objects created in a thread can only be used in that same thread. The object was created in thread id 123974776156608 and this is thread id 123974744213184.
2026-06-05 09:31:10 [INFO] Fetching GBPUSD 15m
2026-06-05 09:31:10 [ERROR] Failed to fetch GBPUSD 15m: SQLite objects created in a thread can only be used in that same thread. The object was created in thread id 123974776156608 and this is thread id 123974744213184.
Traceback (most recent call last):
  File "/home/tzahi/repo/trade/src/main.py", line 149, in fetch_job
    process_symbol_timeframe(symbol, timeframe, fetcher, db, alert_manager)
    ~~~~~~~~~~~~~~~~~~~~~~~~^^^^^^^^^^^^^^^^^^^^^^^^^^^^^^^^^^^^^^^^^^^^^^^
  File "/home/tzahi/repo/trade/src/main.py", line 114, in process_symbol_timeframe
    latest_timestamp = db.get_latest_timestamp(symbol, timeframe)
  File "/home/tzahi/repo/trade/src/db/local_db.py", line 83, in get_latest_timestamp
    cursor = self.conn.execute(query, (symbol, timeframe))
sqlite3.ProgrammingError: SQLite objects created in a thread can only be used in that same thread. The object was created in thread id 123974776156608 and this is thread id 123974744213184.
2026-06-05 09:31:10 [INFO] Fetching GBPUSD 30m
2026-06-05 09:31:10 [ERROR] Failed to fetch GBPUSD 30m: SQLite objects created in a thread can only be used in that same thread. The object was created in thread id 123974776156608 and this is thread id 123974744213184.
Traceback (most recent call last):
  File "/home/tzahi/repo/trade/src/main.py", line 149, in fetch_job
    process_symbol_timeframe(symbol, timeframe, fetcher, db, alert_manager)
    ~~~~~~~~~~~~~~~~~~~~~~~~^^^^^^^^^^^^^^^^^^^^^^^^^^^^^^^^^^^^^^^^^^^^^^^
  File "/home/tzahi/repo/trade/src/main.py", line 114, in process_symbol_timeframe
    latest_timestamp = db.get_latest_timestamp(symbol, timeframe)
  File "/home/tzahi/repo/trade/src/db/local_db.py", line 83, in get_latest_timestamp
    cursor = self.conn.execute(query, (symbol, timeframe))
sqlite3.ProgrammingError: SQLite objects created in a thread can only be used in that same thread. The object was created in thread id 123974776156608 and this is thread id 123974744213184.
2026-06-05 09:31:10 [INFO] Fetching USDJPY 15m
2026-06-05 09:31:10 [ERROR] Failed to fetch USDJPY 15m: SQLite objects created in a thread can only be used in that same thread. The object was created in thread id 123974776156608 and this is thread id 123974744213184.
Traceback (most recent call last):
  File "/home/tzahi/repo/trade/src/main.py", line 149, in fetch_job
    process_symbol_timeframe(symbol, timeframe, fetcher, db, alert_manager)
    ~~~~~~~~~~~~~~~~~~~~~~~~^^^^^^^^^^^^^^^^^^^^^^^^^^^^^^^^^^^^^^^^^^^^^^^
  File "/home/tzahi/repo/trade/src/main.py", line 114, in process_symbol_timeframe
    latest_timestamp = db.get_latest_timestamp(symbol, timeframe)
  File "/home/tzahi/repo/trade/src/db/local_db.py", line 83, in get_latest_timestamp
    cursor = self.conn.execute(query, (symbol, timeframe))
sqlite3.ProgrammingError: SQLite objects created in a thread can only be used in that same thread. The object was created in thread id 123974776156608 and this is thread id 123974744213184.
2026-06-05 09:31:10 [INFO] Fetching USDJPY 30m
2026-06-05 09:31:10 [ERROR] Failed to fetch USDJPY 30m: SQLite objects created in a thread can only be used in that same thread. The object was created in thread id 123974776156608 and this is thread id 123974744213184.
Traceback (most recent call last):
  File "/home/tzahi/repo/trade/src/main.py", line 149, in fetch_job
    process_symbol_timeframe(symbol, timeframe, fetcher, db, alert_manager)
    ~~~~~~~~~~~~~~~~~~~~~~~~^^^^^^^^^^^^^^^^^^^^^^^^^^^^^^^^^^^^^^^^^^^^^^^
  File "/home/tzahi/repo/trade/src/main.py", line 114, in process_symbol_timeframe
    latest_timestamp = db.get_latest_timestamp(symbol, timeframe)
  File "/home/tzahi/repo/trade/src/db/local_db.py", line 83, in get_latest_timestamp
    cursor = self.conn.execute(query, (symbol, timeframe))
sqlite3.ProgrammingError: SQLite objects created in a thread can only be used in that same thread. The object was created in thread id 123974776156608 and this is thread id 123974744213184.
2026-06-05 09:31:10 [INFO] Job "fetch_job (trigger: cron[second='10'], next run at: 2026-06-05 09:32:10 IDT)" executed successfully
2026-06-05 09:32:10 [INFO] Running job "fetch_job (trigger: cron[second='10'], next run at: 2026-06-05 09:33:10 IDT)" (scheduled at 2026-06-05 09:32:10+03:00)
2026-06-05 09:32:10 [INFO] Job "fetch_job (trigger: cron[second='10'], next run at: 2026-06-05 09:33:10 IDT)" executed successfully
2026-06-05 09:33:10 [INFO] Running job "fetch_job (trigger: cron[second='10'], next run at: 2026-06-05 09:34:10 IDT)" (scheduled at 2026-06-05 09:33:10+03:00)
2026-06-05 09:33:10 [INFO] Job "fetch_job (trigger: cron[second='10'], next run at: 2026-06-05 09:34:10 IDT)" executed successfully
2026-06-05 09:34:10 [INFO] Running job "fetch_job (trigger: cron[second='10'], next run at: 2026-06-05 09:35:10 IDT)" (scheduled at 2026-06-05 09:34:10+03:00)
2026-06-05 09:34:10 [INFO] Job "fetch_job (trigger: cron[second='10'], next run at: 2026-06-05 09:35:10 IDT)" executed successfully
2026-06-05 09:35:10 [INFO] Running job "fetch_job (trigger: cron[second='10'], next run at: 2026-06-05 09:36:10 IDT)" (scheduled at 2026-06-05 09:35:10+03:00)
2026-06-05 09:35:10 [INFO] Job "fetch_job (trigger: cron[second='10'], next run at: 2026-06-05 09:36:10 IDT)" executed successfully
2026-06-05 09:36:10 [INFO] Running job "fetch_job (trigger: cron[second='10'], next run at: 2026-06-05 09:37:10 IDT)" (scheduled at 2026-06-05 09:36:10+03:00)
2026-06-05 09:36:10 [INFO] Job "fetch_job (trigger: cron[second='10'], next run at: 2026-06-05 09:37:10 IDT)" executed successfully
2026-06-05 09:37:10 [INFO] Running job "fetch_job (trigger: cron[second='10'], next run at: 2026-06-05 09:38:10 IDT)" (scheduled at 2026-06-05 09:37:10+03:00)
2026-06-05 09:37:10 [INFO] Job "fetch_job (trigger: cron[second='10'], next run at: 2026-06-05 09:38:10 IDT)" executed successfully
2026-06-05 09:37:59 [INFO] Running job "check_logs_job (trigger: interval[0:10:00], next run at: 2026-06-05 09:47:59 IDT)" (scheduled at 2026-06-05 09:37:59.179978+03:00)
2026-06-05 09:37:59 [WARNING] Log monitor detected issues but no notifier is configured.
2026-06-05 09:37:59 [INFO] Job "check_logs_job (trigger: interval[0:10:00], next run at: 2026-06-05 09:47:59 IDT)" executed successfully
2026-06-05 09:38:10 [INFO] Running job "fetch_job (trigger: cron[second='10'], next run at: 2026-06-05 09:39:10 IDT)" (scheduled at 2026-06-05 09:38:10+03:00)
2026-06-05 09:38:10 [INFO] Job "fetch_job (trigger: cron[second='10'], next run at: 2026-06-05 09:39:10 IDT)" executed successfully
2026-06-05 09:39:10 [INFO] Running job "fetch_job (trigger: cron[second='10'], next run at: 2026-06-05 09:40:10 IDT)" (scheduled at 2026-06-05 09:39:10+03:00)
2026-06-05 09:39:10 [INFO] Job "fetch_job (trigger: cron[second='10'], next run at: 2026-06-05 09:40:10 IDT)" executed successfully
2026-06-05 09:40:10 [INFO] Running job "fetch_job (trigger: cron[second='10'], next run at: 2026-06-05 09:41:10 IDT)" (scheduled at 2026-06-05 09:40:10+03:00)
2026-06-05 09:40:10 [INFO] Job "fetch_job (trigger: cron[second='10'], next run at: 2026-06-05 09:41:10 IDT)" executed successfully
2026-06-05 09:41:09 [INFO] Adding job tentatively -- it will be properly scheduled when the scheduler starts
2026-06-05 09:41:09 [INFO] Adding job tentatively -- it will be properly scheduled when the scheduler starts
2026-06-05 09:41:09 [INFO] Starting continuous fetch scheduler. Fetch check runs every minute at second 10.
2026-06-05 09:41:09 [INFO] Log rotation enabled: 12h interval, 4 backups (~48h retention)
2026-06-05 09:41:09 [INFO] Added job "fetch_job" to job store "default"
2026-06-05 09:41:09 [INFO] Added job "check_logs_job" to job store "default"
2026-06-05 09:41:09 [INFO] Scheduler started
2026-06-05 09:41:10 [INFO] Running job "fetch_job (trigger: cron[second='10'], next run at: 2026-06-05 09:41:10 IDT)" (scheduled at 2026-06-05 09:41:10+03:00)
2026-06-05 09:41:10 [INFO] Job "fetch_job (trigger: cron[second='10'], next run at: 2026-06-05 09:42:10 IDT)" executed successfully
2026-06-05 09:42:10 [INFO] Running job "fetch_job (trigger: cron[second='10'], next run at: 2026-06-05 09:43:10 IDT)" (scheduled at 2026-06-05 09:42:10+03:00)
2026-06-05 09:42:10 [INFO] Job "fetch_job (trigger: cron[second='10'], next run at: 2026-06-05 09:43:10 IDT)" executed successfully
2026-06-05 09:43:10 [INFO] Running job "fetch_job (trigger: cron[second='10'], next run at: 2026-06-05 09:44:10 IDT)" (scheduled at 2026-06-05 09:43:10+03:00)
2026-06-05 09:43:10 [INFO] Job "fetch_job (trigger: cron[second='10'], next run at: 2026-06-05 09:44:10 IDT)" executed successfully
2026-06-05 09:44:10 [INFO] Running job "fetch_job (trigger: cron[second='10'], next run at: 2026-06-05 09:45:10 IDT)" (scheduled at 2026-06-05 09:44:10+03:00)
2026-06-05 09:44:10 [INFO] Job "fetch_job (trigger: cron[second='10'], next run at: 2026-06-05 09:45:10 IDT)" executed successfully
2026-06-05 09:45:10 [INFO] Running job "fetch_job (trigger: cron[second='10'], next run at: 2026-06-05 09:46:10 IDT)" (scheduled at 2026-06-05 09:45:10+03:00)
2026-06-05 09:45:10 [INFO] Job "fetch_job (trigger: cron[second='10'], next run at: 2026-06-05 09:46:10 IDT)" executed successfully
2026-06-05 09:46:10 [INFO] Running job "fetch_job (trigger: cron[second='10'], next run at: 2026-06-05 09:47:10 IDT)" (scheduled at 2026-06-05 09:46:10+03:00)
2026-06-05 09:46:10 [INFO] Running scheduled fetch for timeframes: 15m
2026-06-05 09:46:10 [INFO] Fetching EURUSD 15m
2026-06-05 09:46:10 [ERROR] Failed to fetch EURUSD 15m: SQLite objects created in a thread can only be used in that same thread. The object was created in thread id 136448111927744 and this is thread id 136448080021184.
Traceback (most recent call last):
  File "/home/tzahi/repo/trade/src/main.py", line 149, in fetch_job
    process_symbol_timeframe(symbol, timeframe, fetcher, db, alert_manager)
    ~~~~~~~~~~~~~~~~~~~~~~~~^^^^^^^^^^^^^^^^^^^^^^^^^^^^^^^^^^^^^^^^^^^^^^^
  File "/home/tzahi/repo/trade/src/main.py", line 114, in process_symbol_timeframe
    latest_timestamp = db.get_latest_timestamp(symbol, timeframe)
  File "/home/tzahi/repo/trade/src/db/local_db.py", line 83, in get_latest_timestamp
    cursor = self.conn.execute(query, (symbol, timeframe))
sqlite3.ProgrammingError: SQLite objects created in a thread can only be used in that same thread. The object was created in thread id 136448111927744 and this is thread id 136448080021184.
2026-06-05 09:46:10 [INFO] Fetching GBPUSD 15m
2026-06-05 09:46:10 [ERROR] Failed to fetch GBPUSD 15m: SQLite objects created in a thread can only be used in that same thread. The object was created in thread id 136448111927744 and this is thread id 136448080021184.
Traceback (most recent call last):
  File "/home/tzahi/repo/trade/src/main.py", line 149, in fetch_job
    process_symbol_timeframe(symbol, timeframe, fetcher, db, alert_manager)
    ~~~~~~~~~~~~~~~~~~~~~~~~^^^^^^^^^^^^^^^^^^^^^^^^^^^^^^^^^^^^^^^^^^^^^^^
  File "/home/tzahi/repo/trade/src/main.py", line 114, in process_symbol_timeframe
    latest_timestamp = db.get_latest_timestamp(symbol, timeframe)
  File "/home/tzahi/repo/trade/src/db/local_db.py", line 83, in get_latest_timestamp
    cursor = self.conn.execute(query, (symbol, timeframe))
sqlite3.ProgrammingError: SQLite objects created in a thread can only be used in that same thread. The object was created in thread id 136448111927744 and this is thread id 136448080021184.
2026-06-05 09:46:10 [INFO] Fetching USDJPY 15m
2026-06-05 09:46:10 [ERROR] Failed to fetch USDJPY 15m: SQLite objects created in a thread can only be used in that same thread. The object was created in thread id 136448111927744 and this is thread id 136448080021184.
Traceback (most recent call last):
  File "/home/tzahi/repo/trade/src/main.py", line 149, in fetch_job
    process_symbol_timeframe(symbol, timeframe, fetcher, db, alert_manager)
    ~~~~~~~~~~~~~~~~~~~~~~~~^^^^^^^^^^^^^^^^^^^^^^^^^^^^^^^^^^^^^^^^^^^^^^^
  File "/home/tzahi/repo/trade/src/main.py", line 114, in process_symbol_timeframe
    latest_timestamp = db.get_latest_timestamp(symbol, timeframe)
  File "/home/tzahi/repo/trade/src/db/local_db.py", line 83, in get_latest_timestamp
    cursor = self.conn.execute(query, (symbol, timeframe))
sqlite3.ProgrammingError: SQLite objects created in a thread can only be used in that same thread. The object was created in thread id 136448111927744 and this is thread id 136448080021184.
2026-06-05 09:46:10 [INFO] Job "fetch_job (trigger: cron[second='10'], next run at: 2026-06-05 09:47:10 IDT)" executed successfully
2026-06-05 09:46:22 [INFO] Adding job tentatively -- it will be properly scheduled when the scheduler starts
2026-06-05 09:46:22 [INFO] Adding job tentatively -- it will be properly scheduled when the scheduler starts
2026-06-05 09:46:22 [INFO] Starting continuous fetch scheduler. Fetch check runs every minute at second 10.
2026-06-05 09:46:22 [INFO] Log rotation enabled: 12h interval, 4 backups (~48h retention)
2026-06-05 09:46:22 [INFO] Added job "fetch_job" to job store "default"
2026-06-05 09:46:22 [INFO] Added job "check_logs_job" to job store "default"
2026-06-05 09:46:22 [INFO] Scheduler started
2026-06-05 09:47:10 [INFO] Running job "fetch_job (trigger: cron[second='10'], next run at: 2026-06-05 09:47:10 IDT)" (scheduled at 2026-06-05 09:47:10+03:00)
2026-06-05 09:47:10 [INFO] Job "fetch_job (trigger: cron[second='10'], next run at: 2026-06-05 09:48:10 IDT)" executed successfully
2026-06-05 09:48:10 [INFO] Running job "fetch_job (trigger: cron[second='10'], next run at: 2026-06-05 09:49:10 IDT)" (scheduled at 2026-06-05 09:48:10+03:00)
2026-06-05 09:48:10 [INFO] Job "fetch_job (trigger: cron[second='10'], next run at: 2026-06-05 09:49:10 IDT)" executed successfully
2026-06-05 09:49:10 [INFO] Running job "fetch_job (trigger: cron[second='10'], next run at: 2026-06-05 09:50:10 IDT)" (scheduled at 2026-06-05 09:49:10+03:00)
2026-06-05 09:49:10 [INFO] Job "fetch_job (trigger: cron[second='10'], next run at: 2026-06-05 09:50:10 IDT)" executed successfully
2026-06-05 09:49:46 [INFO] Adding job tentatively -- it will be properly scheduled when the scheduler starts
2026-06-05 09:49:46 [INFO] Adding job tentatively -- it will be properly scheduled when the scheduler starts
2026-06-05 09:49:46 [INFO] Starting continuous fetch scheduler. Fetch check runs every minute at second 10.
2026-06-05 09:49:46 [INFO] Log rotation enabled: 12h interval, 4 backups (~48h retention)
2026-06-05 09:49:46 [INFO] Added job "fetch_job" to job store "default"
2026-06-05 09:49:46 [INFO] Added job "check_logs_job" to job store "default"
2026-06-05 09:49:46 [INFO] Scheduler started
2026-06-05 09:50:10 [INFO] Running job "fetch_job (trigger: cron[second='10'], next run at: 2026-06-05 09:50:10 IDT)" (scheduled at 2026-06-05 09:50:10+03:00)
2026-06-05 09:50:10 [INFO] Job "fetch_job (trigger: cron[second='10'], next run at: 2026-06-05 09:50:10 IDT)" executed successfully
2026-06-05 09:51:10 [INFO] Running job "fetch_job (trigger: cron[second='10'], next run at: 2026-06-05 09:52:10 IDT)" (scheduled at 2026-06-05 09:51:10+03:00)
2026-06-05 09:51:10 [INFO] Job "fetch_job (trigger: cron[second='10'], next run at: 2026-06-05 09:52:10 IDT)" executed successfully
2026-06-05 09:52:10 [INFO] Running job "fetch_job (trigger: cron[second='10'], next run at: 2026-06-05 09:53:10 IDT)" (scheduled at 2026-06-05 09:52:10+03:00)
2026-06-05 09:52:10 [INFO] Job "fetch_job (trigger: cron[second='10'], next run at: 2026-06-05 09:53:10 IDT)" executed successfully
2026-06-05 09:53:10 [INFO] Running job "fetch_job (trigger: cron[second='10'], next run at: 2026-06-05 09:54:10 IDT)" (scheduled at 2026-06-05 09:53:10+03:00)
2026-06-05 09:53:10 [INFO] Job "fetch_job (trigger: cron[second='10'], next run at: 2026-06-05 09:54:10 IDT)" executed successfully
2026-06-05 09:54:10 [INFO] Running job "fetch_job (trigger: cron[second='10'], next run at: 2026-06-05 09:55:10 IDT)" (scheduled at 2026-06-05 09:54:10+03:00)
2026-06-05 09:54:10 [INFO] Job "fetch_job (trigger: cron[second='10'], next run at: 2026-06-05 09:55:10 IDT)" executed successfully
2026-06-05 09:55:10 [INFO] Running job "fetch_job (trigger: cron[second='10'], next run at: 2026-06-05 09:56:10 IDT)" (scheduled at 2026-06-05 09:55:10+03:00)
2026-06-05 09:55:10 [INFO] Job "fetch_job (trigger: cron[second='10'], next run at: 2026-06-05 09:56:10 IDT)" executed successfully
2026-06-05 09:56:10 [INFO] Running job "fetch_job (trigger: cron[second='10'], next run at: 2026-06-05 09:57:10 IDT)" (scheduled at 2026-06-05 09:56:10+03:00)
2026-06-05 09:56:10 [INFO] Job "fetch_job (trigger: cron[second='10'], next run at: 2026-06-05 09:57:10 IDT)" executed successfully
2026-06-05 09:56:14 [INFO] Adding job tentatively -- it will be properly scheduled when the scheduler starts
2026-06-05 09:56:14 [INFO] Adding job tentatively -- it will be properly scheduled when the scheduler starts
2026-06-05 09:56:14 [INFO] Starting continuous fetch scheduler. Fetch check runs every minute at second 10.
2026-06-05 09:56:14 [INFO] Log rotation enabled: 12h interval, 4 backups (~48h retention)
2026-06-05 09:56:14 [INFO] Added job "fetch_job" to job store "default"
2026-06-05 09:56:14 [INFO] Added job "check_logs_job" to job store "default"
2026-06-05 09:56:14 [INFO] Scheduler started
2026-06-05 09:57:10 [INFO] Running job "fetch_job (trigger: cron[second='10'], next run at: 2026-06-05 09:57:10 IDT)" (scheduled at 2026-06-05 09:57:10+03:00)
2026-06-05 09:57:10 [INFO] Job "fetch_job (trigger: cron[second='10'], next run at: 2026-06-05 09:58:10 IDT)" executed successfully
2026-06-05 09:58:10 [INFO] Running job "fetch_job (trigger: cron[second='10'], next run at: 2026-06-05 09:59:10 IDT)" (scheduled at 2026-06-05 09:58:10+03:00)
2026-06-05 09:58:10 [INFO] Job "fetch_job (trigger: cron[second='10'], next run at: 2026-06-05 09:59:10 IDT)" executed successfully
2026-06-05 09:59:10 [INFO] Running job "fetch_job (trigger: cron[second='10'], next run at: 2026-06-05 10:00:10 IDT)" (scheduled at 2026-06-05 09:59:10+03:00)
2026-06-05 09:59:10 [INFO] Job "fetch_job (trigger: cron[second='10'], next run at: 2026-06-05 10:00:10 IDT)" executed successfully
2026-06-05 10:00:10 [INFO] Running job "fetch_job (trigger: cron[second='10'], next run at: 2026-06-05 10:01:10 IDT)" (scheduled at 2026-06-05 10:00:10+03:00)
2026-06-05 10:00:10 [INFO] Job "fetch_job (trigger: cron[second='10'], next run at: 2026-06-05 10:01:10 IDT)" executed successfully
2026-06-05 10:01:10 [INFO] Running job "fetch_job (trigger: cron[second='10'], next run at: 2026-06-05 10:02:10 IDT)" (scheduled at 2026-06-05 10:01:10+03:00)
2026-06-05 10:01:10 [INFO] Running scheduled fetch for timeframes: 15m, 30m, 1h
2026-06-05 10:01:10 [INFO] Fetching EURUSD 15m
2026-06-05 10:01:10 [INFO] No new candles for EURUSD 15m
2026-06-05 10:01:10 [INFO] Fetching EURUSD 30m
2026-06-05 10:01:10 [INFO] No new candles for EURUSD 30m
2026-06-05 10:01:10 [INFO] Fetching EURUSD 1h
2026-06-05 10:01:11 [INFO] No new candles for EURUSD 1h
2026-06-05 10:01:11 [INFO] Fetching GBPUSD 15m
2026-06-05 10:01:11 [INFO] No new candles for GBPUSD 15m
2026-06-05 10:01:11 [INFO] Fetching GBPUSD 30m
2026-06-05 10:01:12 [INFO] No new candles for GBPUSD 30m
2026-06-05 10:01:12 [INFO] Fetching GBPUSD 1h
2026-06-05 10:01:12 [INFO] No new candles for GBPUSD 1h
2026-06-05 10:01:12 [INFO] Fetching USDJPY 15m
2026-06-05 10:01:12 [INFO] No new candles for USDJPY 15m
2026-06-05 10:01:12 [INFO] Fetching USDJPY 30m
2026-06-05 10:01:12 [INFO] No new candles for USDJPY 30m
2026-06-05 10:01:12 [INFO] Fetching USDJPY 1h
2026-06-05 10:01:13 [ERROR] Failed to fetch USDJPY 1h: Twelve Data request failed with status 429: {"code":429,"message":"You have run out of API credits for the current minute. 9 API credits were used, with the current limit being 8. Wait for the next minute or consider switching to a higher tier plan at https://twelvedata.com/pricing","status":"error"}
Traceback (most recent call last):
  File "/home/tzahi/repo/trade/src/main.py", line 149, in fetch_job
    process_symbol_timeframe(symbol, timeframe, fetcher, db, alert_manager)
    ~~~~~~~~~~~~~~~~~~~~~~~~^^^^^^^^^^^^^^^^^^^^^^^^^^^^^^^^^^^^^^^^^^^^^^^
  File "/home/tzahi/repo/trade/src/main.py", line 116, in process_symbol_timeframe
    candles = fetcher.fetch_historical(symbol, timeframe, limit=fetch_limit)
  File "/home/tzahi/repo/trade/src/data/fx_fetcher.py", line 17, in fetch_historical
    return self._provider.fetch_historical(symbol, timeframe, limit=limit)
           ~~~~~~~~~~~~~~~~~~~~~~~~~~~~~~~^^^^^^^^^^^^^^^^^^^^^^^^^^^^^^^^
  File "/home/tzahi/repo/trade/src/data/twelve_data_fetcher.py", line 53, in fetch_historical
    raise RuntimeError(
        f"Twelve Data request failed with status {response.status_code}: {response.text}"
    )
RuntimeError: Twelve Data request failed with status 429: {"code":429,"message":"You have run out of API credits for the current minute. 9 API credits were used, with the current limit being 8. Wait for the next minute or consider switching to a higher tier plan at https://twelvedata.com/pricing","status":"error"}
2026-06-05 10:01:13 [INFO] Job "fetch_job (trigger: cron[second='10'], next run at: 2026-06-05 10:02:10 IDT)" executed successfully
2026-06-05 10:02:10 [INFO] Running job "fetch_job (trigger: cron[second='10'], next run at: 2026-06-05 10:03:10 IDT)" (scheduled at 2026-06-05 10:02:10+03:00)
2026-06-05 10:02:10 [INFO] Job "fetch_job (trigger: cron[second='10'], next run at: 2026-06-05 10:03:10 IDT)" executed successfully
2026-06-05 10:02:45 [INFO] Adding job tentatively -- it will be properly scheduled when the scheduler starts
2026-06-05 10:02:45 [INFO] Adding job tentatively -- it will be properly scheduled when the scheduler starts
2026-06-05 10:02:45 [INFO] Starting continuous fetch scheduler. Fetch check runs every minute at second 10.
2026-06-05 10:02:45 [INFO] Log rotation enabled: 12h interval, 4 backups (~48h retention)
2026-06-05 10:02:45 [INFO] Added job "fetch_job" to job store "default"
2026-06-05 10:02:45 [INFO] Added job "check_logs_job" to job store "default"
2026-06-05 10:02:45 [INFO] Scheduler started
2026-06-05 10:03:10 [INFO] Running job "fetch_job (trigger: cron[second='10'], next run at: 2026-06-05 10:03:10 IDT)" (scheduled at 2026-06-05 10:03:10+03:00)
2026-06-05 10:03:10 [INFO] Job "fetch_job (trigger: cron[second='10'], next run at: 2026-06-05 10:03:10 IDT)" executed successfully
2026-06-05 10:04:10 [INFO] Running job "fetch_job (trigger: cron[second='10'], next run at: 2026-06-05 10:05:10 IDT)" (scheduled at 2026-06-05 10:04:10+03:00)
2026-06-05 10:04:10 [INFO] Job "fetch_job (trigger: cron[second='10'], next run at: 2026-06-05 10:05:10 IDT)" executed successfully
2026-06-05 10:05:10 [INFO] Running job "fetch_job (trigger: cron[second='10'], next run at: 2026-06-05 10:06:10 IDT)" (scheduled at 2026-06-05 10:05:10+03:00)
2026-06-05 10:05:10 [INFO] Job "fetch_job (trigger: cron[second='10'], next run at: 2026-06-05 10:06:10 IDT)" executed successfully
2026-06-05 10:06:03 [INFO] Adding job tentatively -- it will be properly scheduled when the scheduler starts
2026-06-05 10:06:03 [INFO] Adding job tentatively -- it will be properly scheduled when the scheduler starts
2026-06-05 10:06:03 [INFO] Starting continuous fetch scheduler. Fetch check runs every minute at second 10.
2026-06-05 10:06:03 [INFO] Log rotation enabled: 12h interval, 4 backups (~48h retention)
2026-06-05 10:06:03 [INFO] Added job "fetch_job" to job store "default"
2026-06-05 10:06:03 [INFO] Added job "check_logs_job" to job store "default"
2026-06-05 10:06:03 [INFO] Scheduler started
2026-06-05 10:06:10 [INFO] Running job "fetch_job (trigger: cron[second='10'], next run at: 2026-06-05 10:06:10 IDT)" (scheduled at 2026-06-05 10:06:10+03:00)
2026-06-05 10:06:10 [INFO] Job "fetch_job (trigger: cron[second='10'], next run at: 2026-06-05 10:06:10 IDT)" executed successfully
2026-06-05 10:07:10 [INFO] Running job "fetch_job (trigger: cron[second='10'], next run at: 2026-06-05 10:08:10 IDT)" (scheduled at 2026-06-05 10:07:10+03:00)
2026-06-05 10:07:10 [INFO] Running scheduled fetch for timeframes: 30m
2026-06-05 10:07:10 [INFO] Fetching EURUSD 30m
2026-06-05 10:07:10 [INFO] Inserted 1 new candles for EURUSD 30m
2026-06-05 10:07:10 [INFO] Fetching GBPUSD 30m
2026-06-05 10:07:10 [INFO] Inserted 1 new candles for GBPUSD 30m
2026-06-05 10:07:10 [INFO] Fetching USDJPY 30m
2026-06-05 10:07:10 [INFO] Inserted 1 new candles for USDJPY 30m
2026-06-05 10:07:10 [INFO] Job "fetch_job (trigger: cron[second='10'], next run at: 2026-06-05 10:08:10 IDT)" executed successfully
2026-06-05 10:08:10 [INFO] Running job "fetch_job (trigger: cron[second='10'], next run at: 2026-06-05 10:09:10 IDT)" (scheduled at 2026-06-05 10:08:10+03:00)
2026-06-05 10:08:10 [INFO] Job "fetch_job (trigger: cron[second='10'], next run at: 2026-06-05 10:09:10 IDT)" executed successfully
2026-06-05 10:09:10 [INFO] Running job "fetch_job (trigger: cron[second='10'], next run at: 2026-06-05 10:10:10 IDT)" (scheduled at 2026-06-05 10:09:10+03:00)
2026-06-05 10:09:10 [INFO] Running scheduled fetch for timeframes: 1h
2026-06-05 10:09:10 [INFO] Fetching EURUSD 1h
2026-06-05 10:09:12 [INFO] Inserted 1 new candles for EURUSD 1h
2026-06-05 10:09:12 [INFO] Fetching GBPUSD 1h
2026-06-05 10:09:12 [INFO] Inserted 1 new candles for GBPUSD 1h
2026-06-05 10:09:12 [INFO] Fetching USDJPY 1h
2026-06-05 10:09:12 [INFO] Inserted 1 new candles for USDJPY 1h
2026-06-05 10:09:12 [INFO] Job "fetch_job (trigger: cron[second='10'], next run at: 2026-06-05 10:10:10 IDT)" executed successfully
2026-06-05 10:10:10 [INFO] Running job "fetch_job (trigger: cron[second='10'], next run at: 2026-06-05 10:11:10 IDT)" (scheduled at 2026-06-05 10:10:10+03:00)
2026-06-05 10:10:10 [INFO] Job "fetch_job (trigger: cron[second='10'], next run at: 2026-06-05 10:11:10 IDT)" executed successfully
2026-06-05 10:11:10 [INFO] Running job "fetch_job (trigger: cron[second='10'], next run at: 2026-06-05 10:12:10 IDT)" (scheduled at 2026-06-05 10:11:10+03:00)
2026-06-05 10:11:10 [INFO] Running scheduled fetch for timeframes: 4h
2026-06-05 10:11:10 [INFO] Fetching EURUSD 4h
2026-06-05 10:11:11 [INFO] No new candles for EURUSD 4h
2026-06-05 10:11:11 [INFO] Fetching GBPUSD 4h
2026-06-05 10:11:11 [INFO] No new candles for GBPUSD 4h
2026-06-05 10:11:11 [INFO] Fetching USDJPY 4h
2026-06-05 10:11:11 [INFO] No new candles for USDJPY 4h
2026-06-05 10:11:11 [INFO] Job "fetch_job (trigger: cron[second='10'], next run at: 2026-06-05 10:12:10 IDT)" executed successfully
2026-06-05 10:12:10 [INFO] Running job "fetch_job (trigger: cron[second='10'], next run at: 2026-06-05 10:13:10 IDT)" (scheduled at 2026-06-05 10:12:10+03:00)
2026-06-05 10:12:10 [INFO] Job "fetch_job (trigger: cron[second='10'], next run at: 2026-06-05 10:13:10 IDT)" executed successfully
2026-06-05 10:13:10 [INFO] Running job "fetch_job (trigger: cron[second='10'], next run at: 2026-06-05 10:14:10 IDT)" (scheduled at 2026-06-05 10:13:10+03:00)
2026-06-05 10:13:10 [INFO] Job "fetch_job (trigger: cron[second='10'], next run at: 2026-06-05 10:14:10 IDT)" executed successfully
2026-06-05 10:14:10 [INFO] Running job "fetch_job (trigger: cron[second='10'], next run at: 2026-06-05 10:15:10 IDT)" (scheduled at 2026-06-05 10:14:10+03:00)
2026-06-05 10:14:10 [INFO] Job "fetch_job (trigger: cron[second='10'], next run at: 2026-06-05 10:15:10 IDT)" executed successfully
2026-06-05 10:15:10 [INFO] Running job "fetch_job (trigger: cron[second='10'], next run at: 2026-06-05 10:16:10 IDT)" (scheduled at 2026-06-05 10:15:10+03:00)
2026-06-05 10:15:10 [INFO] Job "fetch_job (trigger: cron[second='10'], next run at: 2026-06-05 10:16:10 IDT)" executed successfully
2026-06-05 10:16:03 [INFO] Running job "check_logs_job (trigger: interval[0:10:00], next run at: 2026-06-05 10:26:03 IDT)" (scheduled at 2026-06-05 10:16:03.754669+03:00)
2026-06-05 10:16:04 [INFO] Job "check_logs_job (trigger: interval[0:10:00], next run at: 2026-06-05 10:26:03 IDT)" executed successfully
2026-06-05 10:16:10 [INFO] Running job "fetch_job (trigger: cron[second='10'], next run at: 2026-06-05 10:17:10 IDT)" (scheduled at 2026-06-05 10:16:10+03:00)
2026-06-05 10:16:10 [INFO] Job "fetch_job (trigger: cron[second='10'], next run at: 2026-06-05 10:17:10 IDT)" executed successfully
2026-06-05 10:17:10 [INFO] Running job "fetch_job (trigger: cron[second='10'], next run at: 2026-06-05 10:18:10 IDT)" (scheduled at 2026-06-05 10:17:10+03:00)
2026-06-05 10:17:10 [INFO] Running scheduled fetch for timeframes: 5m
2026-06-05 10:17:10 [INFO] Fetching EURUSD 5m
2026-06-05 10:17:11 [INFO] Inserted 3 new candles for EURUSD 5m
2026-06-05 10:17:11 [INFO] Fetching GBPUSD 5m
2026-06-05 10:17:11 [INFO] Inserted 3 new candles for GBPUSD 5m
2026-06-05 10:17:11 [INFO] Fetching USDJPY 5m
2026-06-05 10:17:11 [INFO] Inserted 4 new candles for USDJPY 5m
2026-06-05 10:17:11 [INFO] Job "fetch_job (trigger: cron[second='10'], next run at: 2026-06-05 10:18:10 IDT)" executed successfully
2026-06-05 10:18:10 [INFO] Running job "fetch_job (trigger: cron[second='10'], next run at: 2026-06-05 10:19:10 IDT)" (scheduled at 2026-06-05 10:18:10+03:00)
2026-06-05 10:18:10 [INFO] Job "fetch_job (trigger: cron[second='10'], next run at: 2026-06-05 10:19:10 IDT)" executed successfully
2026-06-05 10:19:10 [INFO] Running job "fetch_job (trigger: cron[second='10'], next run at: 2026-06-05 10:20:10 IDT)" (scheduled at 2026-06-05 10:19:10+03:00)
2026-06-05 10:19:10 [INFO] Running scheduled fetch for timeframes: 15m
2026-06-05 10:19:10 [INFO] Fetching EURUSD 15m
2026-06-05 10:19:12 [INFO] Inserted 2 new candles for EURUSD 15m
2026-06-05 10:19:12 [INFO] Fetching GBPUSD 15m
2026-06-05 10:19:12 [INFO] Inserted 2 new candles for GBPUSD 15m
2026-06-05 10:19:12 [INFO] Fetching USDJPY 15m
2026-06-05 10:19:12 [INFO] Inserted 2 new candles for USDJPY 15m
2026-06-05 10:19:12 [INFO] Job "fetch_job (trigger: cron[second='10'], next run at: 2026-06-05 10:20:10 IDT)" executed successfully
2026-06-05 10:20:10 [INFO] Running job "fetch_job (trigger: cron[second='10'], next run at: 2026-06-05 10:21:10 IDT)" (scheduled at 2026-06-05 10:20:10+03:00)
2026-06-05 10:20:10 [INFO] Job "fetch_job (trigger: cron[second='10'], next run at: 2026-06-05 10:21:10 IDT)" executed successfully
2026-06-05 10:21:10 [INFO] Running job "fetch_job (trigger: cron[second='10'], next run at: 2026-06-05 10:22:10 IDT)" (scheduled at 2026-06-05 10:21:10+03:00)
2026-06-05 10:21:10 [INFO] Job "fetch_job (trigger: cron[second='10'], next run at: 2026-06-05 10:22:10 IDT)" executed successfully
2026-06-05 10:22:10 [INFO] Running job "fetch_job (trigger: cron[second='10'], next run at: 2026-06-05 10:23:10 IDT)" (scheduled at 2026-06-05 10:22:10+03:00)
2026-06-05 10:22:10 [INFO] Job "fetch_job (trigger: cron[second='10'], next run at: 2026-06-05 10:23:10 IDT)" executed successfully
2026-06-05 10:23:10 [INFO] Running job "fetch_job (trigger: cron[second='10'], next run at: 2026-06-05 10:24:10 IDT)" (scheduled at 2026-06-05 10:23:10+03:00)
2026-06-05 10:23:10 [INFO] Job "fetch_job (trigger: cron[second='10'], next run at: 2026-06-05 10:24:10 IDT)" executed successfully
2026-06-05 10:24:10 [INFO] Running job "fetch_job (trigger: cron[second='10'], next run at: 2026-06-05 10:25:10 IDT)" (scheduled at 2026-06-05 10:24:10+03:00)
2026-06-05 10:24:10 [INFO] Running scheduled fetch for timeframes: 1h
2026-06-05 10:24:10 [INFO] Fetching EURUSD 1h
2026-06-05 10:24:11 [INFO] No new candles for EURUSD 1h
2026-06-05 10:24:11 [INFO] Fetching GBPUSD 1h
2026-06-05 10:24:12 [INFO] No new candles for GBPUSD 1h
2026-06-05 10:24:12 [INFO] Fetching USDJPY 1h
2026-06-05 10:24:12 [INFO] No new candles for USDJPY 1h
2026-06-05 10:24:12 [INFO] Job "fetch_job (trigger: cron[second='10'], next run at: 2026-06-05 10:25:10 IDT)" executed successfully
2026-06-05 10:25:10 [INFO] Running job "fetch_job (trigger: cron[second='10'], next run at: 2026-06-05 10:26:10 IDT)" (scheduled at 2026-06-05 10:25:10+03:00)
2026-06-05 10:25:10 [INFO] Job "fetch_job (trigger: cron[second='10'], next run at: 2026-06-05 10:26:10 IDT)" executed successfully
2026-06-05 10:26:03 [INFO] Running job "check_logs_job (trigger: interval[0:10:00], next run at: 2026-06-05 10:36:03 IDT)" (scheduled at 2026-06-05 10:26:03.754669+03:00)
2026-06-05 10:26:04 [INFO] Job "check_logs_job (trigger: interval[0:10:00], next run at: 2026-06-05 10:36:03 IDT)" executed successfully
2026-06-05 10:26:10 [INFO] Running job "fetch_job (trigger: cron[second='10'], next run at: 2026-06-05 10:27:10 IDT)" (scheduled at 2026-06-05 10:26:10+03:00)
2026-06-05 10:26:10 [INFO] Running scheduled fetch for timeframes: 4h
2026-06-05 10:26:10 [INFO] Fetching EURUSD 4h
2026-06-05 10:26:12 [INFO] No new candles for EURUSD 4h
2026-06-05 10:26:12 [INFO] Fetching GBPUSD 4h
2026-06-05 10:26:13 [INFO] No new candles for GBPUSD 4h
2026-06-05 10:26:13 [INFO] Fetching USDJPY 4h
2026-06-05 10:26:13 [INFO] No new candles for USDJPY 4h
2026-06-05 10:26:13 [INFO] Job "fetch_job (trigger: cron[second='10'], next run at: 2026-06-05 10:27:10 IDT)" executed successfully
2026-06-05 10:27:10 [INFO] Running job "fetch_job (trigger: cron[second='10'], next run at: 2026-06-05 10:28:10 IDT)" (scheduled at 2026-06-05 10:27:10+03:00)
2026-06-05 10:27:10 [INFO] Job "fetch_job (trigger: cron[second='10'], next run at: 2026-06-05 10:28:10 IDT)" executed successfully
2026-06-05 10:28:10 [INFO] Running job "fetch_job (trigger: cron[second='10'], next run at: 2026-06-05 10:29:10 IDT)" (scheduled at 2026-06-05 10:28:10+03:00)
2026-06-05 10:28:10 [INFO] Job "fetch_job (trigger: cron[second='10'], next run at: 2026-06-05 10:29:10 IDT)" executed successfully
2026-06-05 10:29:10 [INFO] Running job "fetch_job (trigger: cron[second='10'], next run at: 2026-06-05 10:30:10 IDT)" (scheduled at 2026-06-05 10:29:10+03:00)
2026-06-05 10:29:10 [INFO] Job "fetch_job (trigger: cron[second='10'], next run at: 2026-06-05 10:30:10 IDT)" executed successfully
2026-06-05 10:30:10 [INFO] Running job "fetch_job (trigger: cron[second='10'], next run at: 2026-06-05 10:31:10 IDT)" (scheduled at 2026-06-05 10:30:10+03:00)
2026-06-05 10:30:10 [INFO] Job "fetch_job (trigger: cron[second='10'], next run at: 2026-06-05 10:31:10 IDT)" executed successfully
2026-06-05 10:31:10 [INFO] Running job "fetch_job (trigger: cron[second='10'], next run at: 2026-06-05 10:32:10 IDT)" (scheduled at 2026-06-05 10:31:10+03:00)
2026-06-05 10:31:10 [INFO] Job "fetch_job (trigger: cron[second='10'], next run at: 2026-06-05 10:32:10 IDT)" executed successfully
Traceback (most recent call last):
  File "/home/tzahi/repo/trade/src/main.py", line 255, in <module>
    main()
    ~~~~^^
  File "/home/tzahi/repo/trade/src/main.py", line 215, in main
    db = LocalDB(settings.db_path)
  File "/home/tzahi/repo/trade/src/db/local_db.py", line 16, in __init__
    self._init_schema(tmp_conn)
    ~~~~~~~~~~~~~~~~~^^^^^^^^^^
  File "/home/tzahi/repo/trade/src/db/local_db.py", line 40, in _init_schema
    self.conn.execute(
    ^^^^^^^^^
AttributeError: 'LocalDB' object has no attribute 'conn'
Traceback (most recent call last):
  File "/home/tzahi/repo/trade/src/main.py", line 255, in <module>
    main()
    ~~~~^^
  File "/home/tzahi/repo/trade/src/main.py", line 215, in main
    db = LocalDB(settings.db_path)
  File "/home/tzahi/repo/trade/src/db/local_db.py", line 16, in __init__
    self._init_schema(tmp_conn)
    ~~~~~~~~~~~~~~~~~^^^^^^^^^^
  File "/home/tzahi/repo/trade/src/db/local_db.py", line 40, in _init_schema
    self.conn.execute(
    ^^^^^^^^^
AttributeError: 'LocalDB' object has no attribute 'conn'
Traceback (most recent call last):
  File "/home/tzahi/repo/trade/src/main.py", line 255, in <module>
    main()
    ~~~~^^
  File "/home/tzahi/repo/trade/src/main.py", line 215, in main
    db = LocalDB(settings.db_path)
  File "/home/tzahi/repo/trade/src/db/local_db.py", line 16, in __init__
    self._init_schema(tmp_conn)
    ~~~~~~~~~~~~~~~~~^^^^^^^^^^
  File "/home/tzahi/repo/trade/src/db/local_db.py", line 40, in _init_schema
    self.conn.execute(
    ^^^^^^^^^
AttributeError: 'LocalDB' object has no attribute 'conn'
Traceback (most recent call last):
  File "/home/tzahi/repo/trade/src/main.py", line 255, in <module>
    main()
    ~~~~^^
  File "/home/tzahi/repo/trade/src/main.py", line 215, in main
    db = LocalDB(settings.db_path)
  File "/home/tzahi/repo/trade/src/db/local_db.py", line 16, in __init__
    self._init_schema(tmp_conn)
    ~~~~~~~~~~~~~~~~~^^^^^^^^^^
  File "/home/tzahi/repo/trade/src/db/local_db.py", line 40, in _init_schema
    self.conn.execute(
    ^^^^^^^^^
AttributeError: 'LocalDB' object has no attribute 'conn'
Traceback (most recent call last):
  File "/home/tzahi/repo/trade/src/main.py", line 255, in <module>
    main()
    ~~~~^^
  File "/home/tzahi/repo/trade/src/main.py", line 215, in main
    db = LocalDB(settings.db_path)
  File "/home/tzahi/repo/trade/src/db/local_db.py", line 16, in __init__
    self._init_schema(tmp_conn)
    ~~~~~~~~~~~~~~~~~^^^^^^^^^^
  File "/home/tzahi/repo/trade/src/db/local_db.py", line 40, in _init_schema
    self.conn.execute(
    ^^^^^^^^^
AttributeError: 'LocalDB' object has no attribute 'conn'
Traceback (most recent call last):
  File "/home/tzahi/repo/trade/src/main.py", line 255, in <module>
    main()
    ~~~~^^
  File "/home/tzahi/repo/trade/src/main.py", line 215, in main
    db = LocalDB(settings.db_path)
  File "/home/tzahi/repo/trade/src/db/local_db.py", line 16, in __init__
    self._init_schema(tmp_conn)
    ~~~~~~~~~~~~~~~~~^^^^^^^^^^
  File "/home/tzahi/repo/trade/src/db/local_db.py", line 40, in _init_schema
    self.conn.execute(
    ^^^^^^^^^
AttributeError: 'LocalDB' object has no attribute 'conn'
Traceback (most recent call last):
  File "/home/tzahi/repo/trade/src/main.py", line 255, in <module>
    main()
    ~~~~^^
  File "/home/tzahi/repo/trade/src/main.py", line 215, in main
    db = LocalDB(settings.db_path)
  File "/home/tzahi/repo/trade/src/db/local_db.py", line 16, in __init__
    self._init_schema(tmp_conn)
    ~~~~~~~~~~~~~~~~~^^^^^^^^^^
  File "/home/tzahi/repo/trade/src/db/local_db.py", line 40, in _init_schema
    self.conn.execute(
    ^^^^^^^^^
AttributeError: 'LocalDB' object has no attribute 'conn'
Traceback (most recent call last):
  File "/home/tzahi/repo/trade/src/main.py", line 255, in <module>
    main()
    ~~~~^^
  File "/home/tzahi/repo/trade/src/main.py", line 215, in main
    db = LocalDB(settings.db_path)
  File "/home/tzahi/repo/trade/src/db/local_db.py", line 16, in __init__
    self._init_schema(tmp_conn)
    ~~~~~~~~~~~~~~~~~^^^^^^^^^^
  File "/home/tzahi/repo/trade/src/db/local_db.py", line 40, in _init_schema
    self.conn.execute(
    ^^^^^^^^^
AttributeError: 'LocalDB' object has no attribute 'conn'
Traceback (most recent call last):
  File "/home/tzahi/repo/trade/src/main.py", line 255, in <module>
    main()
    ~~~~^^
  File "/home/tzahi/repo/trade/src/main.py", line 215, in main
    db = LocalDB(settings.db_path)
  File "/home/tzahi/repo/trade/src/db/local_db.py", line 16, in __init__
    self._init_schema(tmp_conn)
    ~~~~~~~~~~~~~~~~~^^^^^^^^^^
  File "/home/tzahi/repo/trade/src/db/local_db.py", line 40, in _init_schema
    self.conn.execute(
    ^^^^^^^^^
AttributeError: 'LocalDB' object has no attribute 'conn'
Traceback (most recent call last):
  File "/home/tzahi/repo/trade/src/main.py", line 255, in <module>
    main()
    ~~~~^^
  File "/home/tzahi/repo/trade/src/main.py", line 215, in main
    db = LocalDB(settings.db_path)
  File "/home/tzahi/repo/trade/src/db/local_db.py", line 16, in __init__
    self._init_schema(tmp_conn)
    ~~~~~~~~~~~~~~~~~^^^^^^^^^^
  File "/home/tzahi/repo/trade/src/db/local_db.py", line 40, in _init_schema
    self.conn.execute(
    ^^^^^^^^^
AttributeError: 'LocalDB' object has no attribute 'conn'
2026-06-05 10:33:26 [INFO] Adding job tentatively -- it will be properly scheduled when the scheduler starts
2026-06-05 10:33:26 [INFO] Adding job tentatively -- it will be properly scheduled when the scheduler starts
2026-06-05 10:33:26 [INFO] Starting continuous fetch scheduler. Fetch check runs every minute at second 10.
2026-06-05 10:33:26 [INFO] Log rotation enabled: 12h interval, 4 backups (~48h retention)
2026-06-05 10:33:26 [INFO] Added job "fetch_job" to job store "default"
2026-06-05 10:33:26 [INFO] Added job "check_logs_job" to job store "default"
2026-06-05 10:33:26 [INFO] Scheduler started
2026-06-05 10:34:10 [INFO] Running job "fetch_job (trigger: cron[second='10'], next run at: 2026-06-05 10:34:10 IDT)" (scheduled at 2026-06-05 10:34:10+03:00)
2026-06-05 10:34:10 [INFO] Running scheduled fetch for timeframes: 15m
2026-06-05 10:34:10 [INFO] Fetching EURUSD 15m
2026-06-05 10:34:11 [INFO] Inserted 1 new candles for EURUSD 15m
2026-06-05 10:34:11 [INFO] Fetching GBPUSD 15m
2026-06-05 10:34:11 [INFO] Inserted 1 new candles for GBPUSD 15m
2026-06-05 10:34:11 [INFO] Fetching USDJPY 15m
2026-06-05 10:34:12 [INFO] Inserted 1 new candles for USDJPY 15m
2026-06-05 10:34:12 [INFO] Job "fetch_job (trigger: cron[second='10'], next run at: 2026-06-05 10:35:10 IDT)" executed successfully
2026-06-05 10:35:10 [INFO] Running job "fetch_job (trigger: cron[second='10'], next run at: 2026-06-05 10:36:10 IDT)" (scheduled at 2026-06-05 10:35:10+03:00)
2026-06-05 10:35:10 [INFO] Job "fetch_job (trigger: cron[second='10'], next run at: 2026-06-05 10:36:10 IDT)" executed successfully
2026-06-05 10:36:10 [INFO] Running job "fetch_job (trigger: cron[second='10'], next run at: 2026-06-05 10:37:10 IDT)" (scheduled at 2026-06-05 10:36:10+03:00)
2026-06-05 10:36:10 [INFO] Job "fetch_job (trigger: cron[second='10'], next run at: 2026-06-05 10:37:10 IDT)" executed successfully
2026-06-05 10:37:10 [INFO] Running job "fetch_job (trigger: cron[second='10'], next run at: 2026-06-05 10:38:10 IDT)" (scheduled at 2026-06-05 10:37:10+03:00)
2026-06-05 10:37:10 [INFO] Running scheduled fetch for timeframes: 30m
2026-06-05 10:37:10 [INFO] Fetching EURUSD 30m
2026-06-05 10:37:11 [INFO] Inserted 1 new candles for EURUSD 30m
2026-06-05 10:37:11 [INFO] Fetching GBPUSD 30m
2026-06-05 10:37:11 [INFO] Inserted 1 new candles for GBPUSD 30m
2026-06-05 10:37:11 [INFO] Fetching USDJPY 30m
2026-06-05 10:37:11 [INFO] Inserted 1 new candles for USDJPY 30m
2026-06-05 10:37:11 [INFO] Job "fetch_job (trigger: cron[second='10'], next run at: 2026-06-05 10:38:10 IDT)" executed successfully
2026-06-05 10:38:10 [INFO] Running job "fetch_job (trigger: cron[second='10'], next run at: 2026-06-05 10:39:10 IDT)" (scheduled at 2026-06-05 10:38:10+03:00)
2026-06-05 10:38:10 [INFO] Job "fetch_job (trigger: cron[second='10'], next run at: 2026-06-05 10:39:10 IDT)" executed successfully
2026-06-05 10:39:10 [INFO] Running job "fetch_job (trigger: cron[second='10'], next run at: 2026-06-05 10:40:10 IDT)" (scheduled at 2026-06-05 10:39:10+03:00)
2026-06-05 10:39:10 [INFO] Running scheduled fetch for timeframes: 1h
2026-06-05 10:39:10 [INFO] Fetching EURUSD 1h
2026-06-05 10:39:14 [INFO] No new candles for EURUSD 1h
2026-06-05 10:39:14 [INFO] Fetching GBPUSD 1h
2026-06-05 10:39:14 [INFO] No new candles for GBPUSD 1h
2026-06-05 10:39:14 [INFO] Fetching USDJPY 1h
2026-06-05 10:39:14 [INFO] No new candles for USDJPY 1h
2026-06-05 10:39:14 [INFO] Job "fetch_job (trigger: cron[second='10'], next run at: 2026-06-05 10:40:10 IDT)" executed successfully
2026-06-05 10:40:10 [INFO] Running job "fetch_job (trigger: cron[second='10'], next run at: 2026-06-05 10:41:10 IDT)" (scheduled at 2026-06-05 10:40:10+03:00)
2026-06-05 10:40:10 [INFO] Job "fetch_job (trigger: cron[second='10'], next run at: 2026-06-05 10:41:10 IDT)" executed successfully
2026-06-05 10:41:10 [INFO] Running job "fetch_job (trigger: cron[second='10'], next run at: 2026-06-05 10:42:10 IDT)" (scheduled at 2026-06-05 10:41:10+03:00)
2026-06-05 10:41:10 [INFO] Running scheduled fetch for timeframes: 4h
2026-06-05 10:41:10 [INFO] Fetching EURUSD 4h
2026-06-05 10:41:10 [INFO] No new candles for EURUSD 4h
2026-06-05 10:41:10 [INFO] Fetching GBPUSD 4h
2026-06-05 10:41:10 [INFO] No new candles for GBPUSD 4h
2026-06-05 10:41:10 [INFO] Fetching USDJPY 4h
2026-06-05 10:41:11 [INFO] No new candles for USDJPY 4h
2026-06-05 10:41:11 [INFO] Job "fetch_job (trigger: cron[second='10'], next run at: 2026-06-05 10:42:10 IDT)" executed successfully
2026-06-05 10:42:10 [INFO] Running job "fetch_job (trigger: cron[second='10'], next run at: 2026-06-05 10:43:10 IDT)" (scheduled at 2026-06-05 10:42:10+03:00)
2026-06-05 10:42:10 [INFO] Job "fetch_job (trigger: cron[second='10'], next run at: 2026-06-05 10:43:10 IDT)" executed successfully
2026-06-05 10:43:10 [INFO] Running job "fetch_job (trigger: cron[second='10'], next run at: 2026-06-05 10:44:10 IDT)" (scheduled at 2026-06-05 10:43:10+03:00)
2026-06-05 10:43:10 [INFO] Job "fetch_job (trigger: cron[second='10'], next run at: 2026-06-05 10:44:10 IDT)" executed successfully
2026-06-05 10:43:26 [INFO] Running job "check_logs_job (trigger: interval[0:10:00], next run at: 2026-06-05 10:53:26 IDT)" (scheduled at 2026-06-05 10:43:26.730954+03:00)
2026-06-05 10:43:27 [INFO] Job "check_logs_job (trigger: interval[0:10:00], next run at: 2026-06-05 10:53:26 IDT)" executed successfully
2026-06-05 10:44:10 [INFO] Running job "fetch_job (trigger: cron[second='10'], next run at: 2026-06-05 10:45:10 IDT)" (scheduled at 2026-06-05 10:44:10+03:00)
2026-06-05 10:44:10 [INFO] Job "fetch_job (trigger: cron[second='10'], next run at: 2026-06-05 10:45:10 IDT)" executed successfully
2026-06-05 10:45:10 [INFO] Running job "fetch_job (trigger: cron[second='10'], next run at: 2026-06-05 10:46:10 IDT)" (scheduled at 2026-06-05 10:45:10+03:00)
2026-06-05 10:45:10 [INFO] Job "fetch_job (trigger: cron[second='10'], next run at: 2026-06-05 10:46:10 IDT)" executed successfully
2026-06-05 10:46:10 [INFO] Running job "fetch_job (trigger: cron[second='10'], next run at: 2026-06-05 10:47:10 IDT)" (scheduled at 2026-06-05 10:46:10+03:00)
2026-06-05 10:46:10 [INFO] Job "fetch_job (trigger: cron[second='10'], next run at: 2026-06-05 10:47:10 IDT)" executed successfully
2026-06-05 10:47:10 [INFO] Running job "fetch_job (trigger: cron[second='10'], next run at: 2026-06-05 10:48:10 IDT)" (scheduled at 2026-06-05 10:47:10+03:00)
2026-06-05 10:47:10 [INFO] Running scheduled fetch for timeframes: 5m
2026-06-05 10:47:10 [INFO] Fetching EURUSD 5m
2026-06-05 10:47:13 [INFO] Inserted 6 new candles for EURUSD 5m
2026-06-05 10:47:13 [INFO] Fetching GBPUSD 5m
2026-06-05 10:47:13 [INFO] Inserted 6 new candles for GBPUSD 5m
2026-06-05 10:47:13 [INFO] Fetching USDJPY 5m
2026-06-05 10:47:14 [INFO] Inserted 6 new candles for USDJPY 5m
2026-06-05 10:47:14 [INFO] Job "fetch_job (trigger: cron[second='10'], next run at: 2026-06-05 10:48:10 IDT)" executed successfully
2026-06-05 10:48:10 [INFO] Running job "fetch_job (trigger: cron[second='10'], next run at: 2026-06-05 10:49:10 IDT)" (scheduled at 2026-06-05 10:48:10+03:00)
2026-06-05 10:48:10 [INFO] Job "fetch_job (trigger: cron[second='10'], next run at: 2026-06-05 10:49:10 IDT)" executed successfully
2026-06-05 10:49:10 [INFO] Running job "fetch_job (trigger: cron[second='10'], next run at: 2026-06-05 10:50:10 IDT)" (scheduled at 2026-06-05 10:49:10+03:00)
2026-06-05 10:49:10 [INFO] Running scheduled fetch for timeframes: 15m
2026-06-05 10:49:10 [INFO] Fetching EURUSD 15m
2026-06-05 10:49:12 [INFO] Inserted 1 new candles for EURUSD 15m
2026-06-05 10:49:12 [INFO] Fetching GBPUSD 15m
2026-06-05 10:49:12 [INFO] Inserted 1 new candles for GBPUSD 15m
2026-06-05 10:49:12 [INFO] Fetching USDJPY 15m
2026-06-05 10:49:12 [INFO] Inserted 1 new candles for USDJPY 15m
2026-06-05 10:49:12 [INFO] Job "fetch_job (trigger: cron[second='10'], next run at: 2026-06-05 10:50:10 IDT)" executed successfully
2026-06-05 10:50:10 [INFO] Running job "fetch_job (trigger: cron[second='10'], next run at: 2026-06-05 10:51:10 IDT)" (scheduled at 2026-06-05 10:50:10+03:00)
2026-06-05 10:50:10 [INFO] Job "fetch_job (trigger: cron[second='10'], next run at: 2026-06-05 10:51:10 IDT)" executed successfully
2026-06-05 10:51:10 [INFO] Running job "fetch_job (trigger: cron[second='10'], next run at: 2026-06-05 10:52:10 IDT)" (scheduled at 2026-06-05 10:51:10+03:00)
2026-06-05 10:51:10 [INFO] Job "fetch_job (trigger: cron[second='10'], next run at: 2026-06-05 10:52:10 IDT)" executed successfully
2026-06-05 10:52:10 [INFO] Running job "fetch_job (trigger: cron[second='10'], next run at: 2026-06-05 10:53:10 IDT)" (scheduled at 2026-06-05 10:52:10+03:00)
2026-06-05 10:52:10 [INFO] Job "fetch_job (trigger: cron[second='10'], next run at: 2026-06-05 10:53:10 IDT)" executed successfully
2026-06-05 10:53:10 [INFO] Running job "fetch_job (trigger: cron[second='10'], next run at: 2026-06-05 10:54:10 IDT)" (scheduled at 2026-06-05 10:53:10+03:00)
2026-06-05 10:53:10 [INFO] Job "fetch_job (trigger: cron[second='10'], next run at: 2026-06-05 10:54:10 IDT)" executed successfully
2026-06-05 10:53:26 [INFO] Running job "check_logs_job (trigger: interval[0:10:00], next run at: 2026-06-05 11:03:26 IDT)" (scheduled at 2026-06-05 10:53:26.730954+03:00)
2026-06-05 10:53:27 [INFO] Job "check_logs_job (trigger: interval[0:10:00], next run at: 2026-06-05 11:03:26 IDT)" executed successfully
2026-06-05 10:54:10 [INFO] Running job "fetch_job (trigger: cron[second='10'], next run at: 2026-06-05 10:55:10 IDT)" (scheduled at 2026-06-05 10:54:10+03:00)
2026-06-05 10:54:10 [INFO] Running scheduled fetch for timeframes: 1h
2026-06-05 10:54:10 [INFO] Fetching EURUSD 1h
2026-06-05 10:54:10 [INFO] No new candles for EURUSD 1h
2026-06-05 10:54:10 [INFO] Fetching GBPUSD 1h
2026-06-05 10:54:10 [INFO] No new candles for GBPUSD 1h
2026-06-05 10:54:10 [INFO] Fetching USDJPY 1h
2026-06-05 10:54:11 [INFO] No new candles for USDJPY 1h
2026-06-05 10:54:11 [INFO] Job "fetch_job (trigger: cron[second='10'], next run at: 2026-06-05 10:55:10 IDT)" executed successfully
2026-06-05 10:55:10 [INFO] Running job "fetch_job (trigger: cron[second='10'], next run at: 2026-06-05 10:56:10 IDT)" (scheduled at 2026-06-05 10:55:10+03:00)
2026-06-05 10:55:10 [INFO] Job "fetch_job (trigger: cron[second='10'], next run at: 2026-06-05 10:56:10 IDT)" executed successfully
2026-06-05 10:56:10 [INFO] Running job "fetch_job (trigger: cron[second='10'], next run at: 2026-06-05 10:57:10 IDT)" (scheduled at 2026-06-05 10:56:10+03:00)
2026-06-05 10:56:10 [INFO] Running scheduled fetch for timeframes: 4h
2026-06-05 10:56:10 [INFO] Fetching EURUSD 4h
2026-06-05 10:56:10 [INFO] No new candles for EURUSD 4h
2026-06-05 10:56:10 [INFO] Fetching GBPUSD 4h
2026-06-05 10:56:10 [INFO] No new candles for GBPUSD 4h
2026-06-05 10:56:10 [INFO] Fetching USDJPY 4h
2026-06-05 10:56:10 [INFO] No new candles for USDJPY 4h
2026-06-05 10:56:10 [INFO] Job "fetch_job (trigger: cron[second='10'], next run at: 2026-06-05 10:57:10 IDT)" executed successfully
2026-06-05 10:57:10 [INFO] Running job "fetch_job (trigger: cron[second='10'], next run at: 2026-06-05 10:58:10 IDT)" (scheduled at 2026-06-05 10:57:10+03:00)
2026-06-05 10:57:10 [INFO] Job "fetch_job (trigger: cron[second='10'], next run at: 2026-06-05 10:58:10 IDT)" executed successfully
2026-06-05 10:58:10 [INFO] Running job "fetch_job (trigger: cron[second='10'], next run at: 2026-06-05 10:59:10 IDT)" (scheduled at 2026-06-05 10:58:10+03:00)
2026-06-05 10:58:10 [INFO] Job "fetch_job (trigger: cron[second='10'], next run at: 2026-06-05 10:59:10 IDT)" executed successfully
2026-06-05 10:59:10 [INFO] Running job "fetch_job (trigger: cron[second='10'], next run at: 2026-06-05 11:00:10 IDT)" (scheduled at 2026-06-05 10:59:10+03:00)
2026-06-05 10:59:10 [INFO] Job "fetch_job (trigger: cron[second='10'], next run at: 2026-06-05 11:00:10 IDT)" executed successfully
2026-06-05 11:00:10 [INFO] Running job "fetch_job (trigger: cron[second='10'], next run at: 2026-06-05 11:01:10 IDT)" (scheduled at 2026-06-05 11:00:10+03:00)
2026-06-05 11:00:10 [INFO] Job "fetch_job (trigger: cron[second='10'], next run at: 2026-06-05 11:01:10 IDT)" executed successfully
2026-06-05 11:01:10 [INFO] Running job "fetch_job (trigger: cron[second='10'], next run at: 2026-06-05 11:02:10 IDT)" (scheduled at 2026-06-05 11:01:10+03:00)
2026-06-05 11:01:10 [INFO] Job "fetch_job (trigger: cron[second='10'], next run at: 2026-06-05 11:02:10 IDT)" executed successfully
2026-06-05 11:02:10 [INFO] Running job "fetch_job (trigger: cron[second='10'], next run at: 2026-06-05 11:03:10 IDT)" (scheduled at 2026-06-05 11:02:10+03:00)
2026-06-05 11:02:10 [INFO] Running scheduled fetch for timeframes: 5m
2026-06-05 11:02:10 [INFO] Fetching EURUSD 5m
2026-06-05 11:02:11 [INFO] Inserted 3 new candles for EURUSD 5m
2026-06-05 11:02:11 [INFO] Fetching GBPUSD 5m
2026-06-05 11:02:11 [INFO] Inserted 3 new candles for GBPUSD 5m
2026-06-05 11:02:11 [INFO] Fetching USDJPY 5m
2026-06-05 11:02:11 [INFO] Inserted 3 new candles for USDJPY 5m
2026-06-05 11:02:11 [INFO] Job "fetch_job (trigger: cron[second='10'], next run at: 2026-06-05 11:03:10 IDT)" executed successfully
2026-06-05 11:03:10 [INFO] Running job "fetch_job (trigger: cron[second='10'], next run at: 2026-06-05 11:04:10 IDT)" (scheduled at 2026-06-05 11:03:10+03:00)
2026-06-05 11:03:10 [INFO] Job "fetch_job (trigger: cron[second='10'], next run at: 2026-06-05 11:04:10 IDT)" executed successfully
2026-06-05 11:03:26 [INFO] Running job "check_logs_job (trigger: interval[0:10:00], next run at: 2026-06-05 11:13:26 IDT)" (scheduled at 2026-06-05 11:03:26.730954+03:00)
2026-06-05 11:03:27 [INFO] Job "check_logs_job (trigger: interval[0:10:00], next run at: 2026-06-05 11:13:26 IDT)" executed successfully
2026-06-05 11:04:10 [INFO] Running job "fetch_job (trigger: cron[second='10'], next run at: 2026-06-05 11:05:10 IDT)" (scheduled at 2026-06-05 11:04:10+03:00)
2026-06-05 11:04:10 [INFO] Running scheduled fetch for timeframes: 15m
2026-06-05 11:04:10 [INFO] Fetching EURUSD 15m
2026-06-05 11:04:11 [INFO] Inserted 1 new candles for EURUSD 15m
2026-06-05 11:04:11 [INFO] Fetching GBPUSD 15m
2026-06-05 11:04:11 [INFO] Inserted 1 new candles for GBPUSD 15m
2026-06-05 11:04:11 [INFO] Fetching USDJPY 15m
2026-06-05 11:04:11 [INFO] Inserted 1 new candles for USDJPY 15m
2026-06-05 11:04:11 [INFO] Job "fetch_job (trigger: cron[second='10'], next run at: 2026-06-05 11:05:10 IDT)" executed successfully
2026-06-05 11:05:10 [INFO] Running job "fetch_job (trigger: cron[second='10'], next run at: 2026-06-05 11:06:10 IDT)" (scheduled at 2026-06-05 11:05:10+03:00)
2026-06-05 11:05:10 [INFO] Job "fetch_job (trigger: cron[second='10'], next run at: 2026-06-05 11:06:10 IDT)" executed successfully
2026-06-05 11:06:10 [INFO] Running job "fetch_job (trigger: cron[second='10'], next run at: 2026-06-05 11:07:10 IDT)" (scheduled at 2026-06-05 11:06:10+03:00)
2026-06-05 11:06:10 [INFO] Job "fetch_job (trigger: cron[second='10'], next run at: 2026-06-05 11:07:10 IDT)" executed successfully
2026-06-05 11:07:10 [INFO] Running job "fetch_job (trigger: cron[second='10'], next run at: 2026-06-05 11:08:10 IDT)" (scheduled at 2026-06-05 11:07:10+03:00)
2026-06-05 11:07:10 [INFO] Running scheduled fetch for timeframes: 30m
2026-06-05 11:07:10 [INFO] Fetching EURUSD 30m
2026-06-05 11:07:10 [INFO] Inserted 1 new candles for EURUSD 30m
2026-06-05 11:07:10 [INFO] Fetching GBPUSD 30m
2026-06-05 11:07:10 [INFO] Inserted 1 new candles for GBPUSD 30m
2026-06-05 11:07:10 [INFO] Fetching USDJPY 30m
2026-06-05 11:07:11 [INFO] Inserted 1 new candles for USDJPY 30m
2026-06-05 11:07:11 [INFO] Job "fetch_job (trigger: cron[second='10'], next run at: 2026-06-05 11:08:10 IDT)" executed successfully
2026-06-05 11:08:10 [INFO] Running job "fetch_job (trigger: cron[second='10'], next run at: 2026-06-05 11:09:10 IDT)" (scheduled at 2026-06-05 11:08:10+03:00)
2026-06-05 11:08:10 [INFO] Job "fetch_job (trigger: cron[second='10'], next run at: 2026-06-05 11:09:10 IDT)" executed successfully
2026-06-05 11:09:10 [INFO] Running job "fetch_job (trigger: cron[second='10'], next run at: 2026-06-05 11:10:10 IDT)" (scheduled at 2026-06-05 11:09:10+03:00)
2026-06-05 11:09:10 [INFO] Running scheduled fetch for timeframes: 1h
2026-06-05 11:09:10 [INFO] Fetching EURUSD 1h
2026-06-05 11:09:11 [INFO] Inserted 1 new candles for EURUSD 1h
2026-06-05 11:09:11 [INFO] Fetching GBPUSD 1h
2026-06-05 11:09:11 [INFO] Inserted 1 new candles for GBPUSD 1h
2026-06-05 11:09:11 [INFO] Fetching USDJPY 1h
2026-06-05 11:09:12 [INFO] Inserted 1 new candles for USDJPY 1h
2026-06-05 11:09:12 [INFO] Job "fetch_job (trigger: cron[second='10'], next run at: 2026-06-05 11:10:10 IDT)" executed successfully
2026-06-05 11:10:10 [INFO] Running job "fetch_job (trigger: cron[second='10'], next run at: 2026-06-05 11:11:10 IDT)" (scheduled at 2026-06-05 11:10:10+03:00)
2026-06-05 11:10:10 [INFO] Job "fetch_job (trigger: cron[second='10'], next run at: 2026-06-05 11:11:10 IDT)" executed successfully
2026-06-05 11:11:10 [INFO] Running job "fetch_job (trigger: cron[second='10'], next run at: 2026-06-05 11:12:10 IDT)" (scheduled at 2026-06-05 11:11:10+03:00)
2026-06-05 11:11:10 [INFO] Running scheduled fetch for timeframes: 4h
2026-06-05 11:11:10 [INFO] Fetching EURUSD 4h
2026-06-05 11:11:10 [INFO] No new candles for EURUSD 4h
2026-06-05 11:11:10 [INFO] Fetching GBPUSD 4h
2026-06-05 11:11:10 [INFO] No new candles for GBPUSD 4h
2026-06-05 11:11:10 [INFO] Fetching USDJPY 4h
2026-06-05 11:11:10 [INFO] No new candles for USDJPY 4h
2026-06-05 11:11:10 [INFO] Job "fetch_job (trigger: cron[second='10'], next run at: 2026-06-05 11:12:10 IDT)" executed successfully
2026-06-05 11:12:10 [INFO] Running job "fetch_job (trigger: cron[second='10'], next run at: 2026-06-05 11:13:10 IDT)" (scheduled at 2026-06-05 11:12:10+03:00)
2026-06-05 11:12:10 [INFO] Job "fetch_job (trigger: cron[second='10'], next run at: 2026-06-05 11:13:10 IDT)" executed successfully
2026-06-05 11:13:10 [INFO] Running job "fetch_job (trigger: cron[second='10'], next run at: 2026-06-05 11:14:10 IDT)" (scheduled at 2026-06-05 11:13:10+03:00)
2026-06-05 11:13:10 [INFO] Job "fetch_job (trigger: cron[second='10'], next run at: 2026-06-05 11:14:10 IDT)" executed successfully
2026-06-05 11:13:26 [INFO] Running job "check_logs_job (trigger: interval[0:10:00], next run at: 2026-06-05 11:23:26 IDT)" (scheduled at 2026-06-05 11:13:26.730954+03:00)
2026-06-05 11:13:27 [INFO] Job "check_logs_job (trigger: interval[0:10:00], next run at: 2026-06-05 11:23:26 IDT)" executed successfully
2026-06-05 11:14:10 [INFO] Running job "fetch_job (trigger: cron[second='10'], next run at: 2026-06-05 11:15:10 IDT)" (scheduled at 2026-06-05 11:14:10+03:00)
2026-06-05 11:14:10 [INFO] Job "fetch_job (trigger: cron[second='10'], next run at: 2026-06-05 11:15:10 IDT)" executed successfully
